endpoint_id;mode_start;mode_end;mode_duration;label;reason;operator_name;energy_sum
505;2020-09-02 14:16:00+03;2020-09-02 15:04:00+03;48;Холостой ход;;Дмитриева Наталья Николаевна;4.6640706
505;2020-09-02 14:14:00+03;2020-09-02 14:16:00+03;2;Работает;;Дмитриева Наталья Николаевна;0.22589
505;2020-09-02 14:08:00+03;2020-09-02 14:14:00+03;6;Холостой ход;Остановка сушилки->Разбор залома;Дмитриева Наталья Николаевна;0.62397003
505;2020-09-02 14:03:00+03;2020-09-02 14:08:00+03;5;Работает;;Дмитриева Наталья Николаевна;0.52957
505;2020-09-02 13:31:00+03;2020-09-02 14:03:00+03;32;Холостой ход;;Дмитриева Наталья Николаевна;3.1845903
505;2020-09-02 12:30:00+03;2020-09-02 13:31:00+03;61;Работает;;Дмитриева Наталья Николаевна;7.4873896
505;2020-09-02 08:00:00+03;2020-09-02 12:30:00+03;270;Нет данных;;Дмитриева Наталья Николаевна;
505;2020-09-02 07:59:00+03;2020-09-02 08:00:00+03;1;Нет данных;;Дмитриева Наталья Николаевна;
505;2020-09-02 07:55:00+03;2020-09-02 07:59:00+03;4;Нет данных;;;
505;2020-09-02 00:00:00+03;2020-09-02 07:55:00+03;475;Нет данных;;Ширяева Наталья Викторовна;
505;2020-09-01 20:00:00+03;2020-09-02 00:00:00+03;240;Нет данных;;Ширяева Наталья Викторовна;
505;2020-09-01 19:48:00+03;2020-09-01 20:00:00+03;12;Нет данных;;Ширяева Наталья Викторовна;
505;2020-09-01 19:47:00+03;2020-09-01 19:48:00+03;1;Нет данных;;Ширяева Наталья Викторовна;
505;2020-09-01 08:00:00+03;2020-09-01 19:47:00+03;707;Нет данных;;Егорова Екатерина Сергеевна;
505;2020-09-01 07:54:00+03;2020-09-01 08:00:00+03;6;Нет данных;;Егорова Екатерина Сергеевна;
505;2020-09-01 07:53:00+03;2020-09-01 07:54:00+03;1;Нет данных;;Егорова Екатерина Сергеевна;
505;2020-09-01 00:00:00+03;2020-09-01 07:53:00+03;473;Нет данных;;Степанова Светлана Сергеевна;
505;2020-08-31 20:04:00+03;2020-09-01 00:00:00+03;236;Нет данных;;Степанова Светлана Сергеевна;
505;2020-08-31 20:00:00+03;2020-08-31 20:04:00+03;4;Нет данных;;;
505;2020-08-31 19:48:00+03;2020-08-31 20:00:00+03;12;Нет данных;;;
505;2020-08-31 08:50:00+03;2020-08-31 19:48:00+03;658;Нет данных;;Ширяева Наталья Викторовна;
505;2020-08-31 08:26:00+03;2020-08-31 08:50:00+03;24;Нет данных;;;0.0045499997
505;2020-08-31 08:00:00+03;2020-08-31 08:26:00+03;26;Отключено;;;0.038459998
505;2020-08-31 07:39:00+03;2020-08-31 08:00:00+03;21;Отключено;;;0.03424
505;2020-08-31 07:35:00+03;2020-08-31 07:39:00+03;4;Отключено;;Рыбакова Галина Евгеньевна;0.06304
505;2020-08-31 07:29:00+03;2020-08-31 07:35:00+03;6;Холостой ход;Поломка;Рыбакова Галина Евгеньевна;0.64603
505;2020-08-31 05:10:00+03;2020-08-31 07:29:00+03;139;Работает;;Рыбакова Галина Евгеньевна;17.563955
505;2020-08-31 05:02:00+03;2020-08-31 05:10:00+03;8;Холостой ход;Остановка сушилки->Разбор залома;Рыбакова Галина Евгеньевна;0.84783
505;2020-08-31 04:51:00+03;2020-08-31 05:02:00+03;11;Работает;;Рыбакова Галина Евгеньевна;1.38995
505;2020-08-31 04:42:00+03;2020-08-31 04:51:00+03;9;Холостой ход;;Рыбакова Галина Евгеньевна;0.95825
505;2020-08-31 03:20:00+03;2020-08-31 04:42:00+03;82;Работает;;Рыбакова Галина Евгеньевна;10.412099
505;2020-08-31 03:14:00+03;2020-08-31 03:20:00+03;6;Холостой ход;;Рыбакова Галина Евгеньевна;0.61631
505;2020-08-31 00:00:00+03;2020-08-31 03:14:00+03;194;Работает;;Рыбакова Галина Евгеньевна;23.92711
505;2020-08-30 20:00:00+03;2020-08-31 00:00:00+03;240;Работает;;Рыбакова Галина Евгеньевна;29.360529
505;2020-08-30 19:54:00+03;2020-08-30 20:00:00+03;6;Работает;;Рыбакова Галина Евгеньевна;0.76377
505;2020-08-30 19:53:00+03;2020-08-30 19:54:00+03;1;Работает;;Рыбакова Галина Евгеньевна;0.10778
505;2020-08-30 17:25:00+03;2020-08-30 19:53:00+03;148;Работает;;Степанова Светлана Сергеевна;18.208801
505;2020-08-30 17:17:00+03;2020-08-30 17:25:00+03;8;Холостой ход;;Степанова Светлана Сергеевна;0.80263
505;2020-08-30 08:00:00+03;2020-08-30 17:17:00+03;557;Работает;;Степанова Светлана Сергеевна;68.51843
505;2020-08-30 07:58:00+03;2020-08-30 08:00:00+03;2;Работает;;Степанова Светлана Сергеевна;0.25770998
505;2020-08-30 07:57:00+03;2020-08-30 07:58:00+03;1;Работает;;Степанова Светлана Сергеевна;0.13812
505;2020-08-30 00:00:00+03;2020-08-30 07:57:00+03;477;Работает;;Егорова Екатерина Сергеевна;58.95996
505;2020-08-29 20:00:00+03;2020-08-30 00:00:00+03;240;Работает;;Егорова Екатерина Сергеевна;30.066349
505;2020-08-29 19:52:00+03;2020-08-29 20:00:00+03;8;Работает;;Егорова Екатерина Сергеевна;1.02326
505;2020-08-29 19:51:00+03;2020-08-29 19:52:00+03;1;Работает;;Егорова Екатерина Сергеевна;0.1248
505;2020-08-29 08:00:00+03;2020-08-29 19:51:00+03;711;Работает;;Рыбакова Галина Евгеньевна;86.62983
505;2020-08-29 07:51:00+03;2020-08-29 08:00:00+03;9;Работает;;Рыбакова Галина Евгеньевна;0.86183
505;2020-08-29 07:11:00+03;2020-08-29 07:51:00+03;40;Работает;;Ширяева Наталья Викторовна;4.8573003
505;2020-08-29 07:04:00+03;2020-08-29 07:11:00+03;7;Холостой ход;;Ширяева Наталья Викторовна;0.74655
505;2020-08-29 06:31:00+03;2020-08-29 07:04:00+03;33;Работает;;Ширяева Наталья Викторовна;3.9219797
505;2020-08-29 06:25:00+03;2020-08-29 06:31:00+03;6;Холостой ход;;Ширяева Наталья Викторовна;0.63366
505;2020-08-29 06:23:00+03;2020-08-29 06:25:00+03;2;Работает;;Ширяева Наталья Викторовна;0.22144
505;2020-08-29 06:17:00+03;2020-08-29 06:23:00+03;6;Холостой ход;Поломка;Ширяева Наталья Викторовна;0.62456995
505;2020-08-29 03:01:00+03;2020-08-29 06:17:00+03;196;Работает;;Ширяева Наталья Викторовна;24.302212
505;2020-08-29 02:53:00+03;2020-08-29 03:01:00+03;8;Холостой ход;;Ширяева Наталья Викторовна;0.85613996
505;2020-08-29 00:55:00+03;2020-08-29 02:53:00+03;118;Работает;;Ширяева Наталья Викторовна;14.440588
505;2020-08-29 00:47:00+03;2020-08-29 00:55:00+03;8;Холостой ход;;Ширяева Наталья Викторовна;0.83167
505;2020-08-29 00:00:00+03;2020-08-29 00:47:00+03;47;Работает;;Ширяева Наталья Викторовна;5.953349
505;2020-08-28 20:51:00+03;2020-08-29 00:00:00+03;189;Работает;;Ширяева Наталья Викторовна;23.556269
505;2020-08-28 20:42:00+03;2020-08-28 20:51:00+03;9;Холостой ход;;Ширяева Наталья Викторовна;0.88447
505;2020-08-28 20:12:00+03;2020-08-28 20:42:00+03;30;Работает;;Ширяева Наталья Викторовна;3.7833998
505;2020-08-28 20:05:00+03;2020-08-28 20:12:00+03;7;Холостой ход;;Ширяева Наталья Викторовна;0.74283993
505;2020-08-28 20:00:00+03;2020-08-28 20:05:00+03;5;Работает;;Ширяева Наталья Викторовна;0.58958
505;2020-08-28 19:49:00+03;2020-08-28 20:00:00+03;11;Работает;;Ширяева Наталья Викторовна;1.4585998
505;2020-08-28 19:48:00+03;2020-08-28 19:49:00+03;1;Работает;;Ширяева Наталья Викторовна;0.10604
505;2020-08-28 12:37:00+03;2020-08-28 19:48:00+03;431;Работает;;Егорова Екатерина Сергеевна;52.89279
505;2020-08-28 12:09:00+03;2020-08-28 12:37:00+03;28;Нет данных;;Егорова Екатерина Сергеевна;3.48788
505;2020-08-28 08:00:00+03;2020-08-28 12:09:00+03;249;Работает;;Егорова Екатерина Сергеевна;30.489737
505;2020-08-28 07:54:00+03;2020-08-28 08:00:00+03;6;Работает;;Егорова Екатерина Сергеевна;0.77568996
505;2020-08-28 03:59:00+03;2020-08-28 07:54:00+03;235;Работает;;Степанова Светлана Сергеевна;27.529093
505;2020-08-28 02:02:00+03;2020-08-28 03:59:00+03;117;Отключено;Отсутствие оператора->Другое;Степанова Светлана Сергеевна;1.3025602
505;2020-08-28 00:00:00+03;2020-08-28 02:02:00+03;122;Работает;;Степанова Светлана Сергеевна;15.85547
505;2020-08-27 20:43:00+03;2020-08-28 00:00:00+03;197;Работает;;Степанова Светлана Сергеевна;25.19235
505;2020-08-27 20:21:00+03;2020-08-27 20:43:00+03;22;Холостой ход;Поломка;Степанова Светлана Сергеевна;2.1836898
505;2020-08-27 20:00:00+03;2020-08-27 20:21:00+03;21;Работает;;Степанова Светлана Сергеевна;2.5909295
505;2020-08-27 19:50:00+03;2020-08-27 20:00:00+03;10;Работает;;Степанова Светлана Сергеевна;1.3157799
505;2020-08-27 19:49:00+03;2020-08-27 19:50:00+03;1;Работает;;Степанова Светлана Сергеевна;0.13123
505;2020-08-27 15:51:00+03;2020-08-27 19:49:00+03;238;Работает;;Ширяева Наталья Викторовна;29.798193
505;2020-08-27 15:43:00+03;2020-08-27 15:51:00+03;8;Холостой ход;;Ширяева Наталья Викторовна;0.79237
505;2020-08-27 14:16:00+03;2020-08-27 15:43:00+03;87;Работает;;Ширяева Наталья Викторовна;10.665119
505;2020-08-27 13:54:00+03;2020-08-27 14:16:00+03;22;Отключено;;Ширяева Наталья Викторовна;0.17854
505;2020-08-27 13:43:00+03;2020-08-27 13:54:00+03;11;Холостой ход;Поломка;Ширяева Наталья Викторовна;0.68558013
505;2020-08-27 13:32:00+03;2020-08-27 13:43:00+03;11;Работает;;Ширяева Наталья Викторовна;1.26782
505;2020-08-27 12:36:00+03;2020-08-27 13:32:00+03;56;Холостой ход;;Ширяева Наталья Викторовна;5.1019206
505;2020-08-27 12:34:00+03;2020-08-27 12:36:00+03;2;Отключено;;Ширяева Наталья Викторовна;0.010129999
505;2020-08-27 11:54:00+03;2020-08-27 12:34:00+03;40;Нет данных;;Ширяева Наталья Викторовна;
505;2020-08-27 10:51:00+03;2020-08-27 11:54:00+03;63;Отключено;;Ширяева Наталья Викторовна;0.18361996
505;2020-08-27 08:00:00+03;2020-08-27 10:51:00+03;171;Работает;;Ширяева Наталья Викторовна;19.968933
505;2020-08-27 07:53:00+03;2020-08-27 08:00:00+03;7;Работает;;Ширяева Наталья Викторовна;0.95629
505;2020-08-27 07:52:00+03;2020-08-27 07:53:00+03;1;Работает;;Ширяева Наталья Викторовна;0.13804
505;2020-08-27 03:05:00+03;2020-08-27 07:52:00+03;287;Работает;;Дмитриева Наталья Николаевна;38.513134
505;2020-08-27 03:00:00+03;2020-08-27 03:05:00+03;5;Холостой ход;;Дмитриева Наталья Николаевна;0.52019
505;2020-08-27 00:00:00+03;2020-08-27 03:00:00+03;180;Работает;;Дмитриева Наталья Николаевна;23.57178
505;2020-08-26 21:01:00+03;2020-08-27 00:00:00+03;179;Работает;;Дмитриева Наталья Николаевна;22.647806
505;2020-08-26 20:49:00+03;2020-08-26 21:01:00+03;12;Холостой ход;Остановка сушилки->Разбор залома;Дмитриева Наталья Николаевна;1.21374
505;2020-08-26 20:00:00+03;2020-08-26 20:49:00+03;49;Работает;;Дмитриева Наталья Николаевна;5.7722898
505;2020-08-26 19:59:00+03;2020-08-26 20:00:00+03;1;Работает;;Дмитриева Наталья Николаевна;0.12818
505;2020-08-26 18:36:00+03;2020-08-26 19:59:00+03;83;Работает;;Степанова Светлана Сергеевна;10.849097
505;2020-08-26 18:30:00+03;2020-08-26 18:36:00+03;6;Холостой ход;;Степанова Светлана Сергеевна;0.61922
505;2020-08-26 10:19:00+03;2020-08-26 18:30:00+03;491;Работает;;Степанова Светлана Сергеевна;62.313374
505;2020-08-26 10:14:00+03;2020-08-26 10:19:00+03;5;Холостой ход;;Степанова Светлана Сергеевна;0.50006
505;2020-08-26 09:15:00+03;2020-08-26 10:14:00+03;59;Работает;;Степанова Светлана Сергеевна;7.2259703
505;2020-08-26 09:08:00+03;2020-08-26 09:15:00+03;7;Нет данных;;Степанова Светлана Сергеевна;
505;2020-08-26 08:39:00+03;2020-08-26 09:08:00+03;29;Работает;;Степанова Светлана Сергеевна;3.53358
505;2020-08-26 08:22:00+03;2020-08-26 08:39:00+03;17;Холостой ход;;Степанова Светлана Сергеевна;1.71203
505;2020-08-26 08:17:00+03;2020-08-26 08:22:00+03;5;Работает;;Степанова Светлана Сергеевна;0.62934995
505;2020-08-26 08:00:00+03;2020-08-26 08:17:00+03;17;Работает;;;2.23871
505;2020-08-26 07:47:00+03;2020-08-26 08:00:00+03;13;Работает;;;1.48469
505;2020-08-26 07:46:00+03;2020-08-26 07:47:00+03;1;Работает;;;0.07749
505;2020-08-26 07:41:00+03;2020-08-26 07:46:00+03;5;Холостой ход;;Егорова Екатерина Сергеевна;0.5458
505;2020-08-26 00:49:00+03;2020-08-26 07:41:00+03;412;Работает;;Егорова Екатерина Сергеевна;53.10556
505;2020-08-26 00:42:00+03;2020-08-26 00:49:00+03;7;Холостой ход;Поломка;Егорова Екатерина Сергеевна;0.74875
505;2020-08-26 00:00:00+03;2020-08-26 00:42:00+03;42;Работает;;Егорова Екатерина Сергеевна;5.5496497
505;2020-08-25 20:10:00+03;2020-08-26 00:00:00+03;230;Работает;;Егорова Екатерина Сергеевна;29.092188
505;2020-08-25 20:00:00+03;2020-08-25 20:10:00+03;10;Холостой ход;;Егорова Екатерина Сергеевна;1.0173299
505;2020-08-25 19:59:00+03;2020-08-25 20:00:00+03;1;Холостой ход;;Егорова Екатерина Сергеевна;0.12434
505;2020-08-25 19:58:00+03;2020-08-25 19:59:00+03;1;Работает;;Егорова Екатерина Сергеевна;0.11625
505;2020-08-25 19:57:00+03;2020-08-25 19:58:00+03;1;Отключено;;Егорова Екатерина Сергеевна;0.0288
505;2020-08-25 19:37:00+03;2020-08-25 19:57:00+03;20;Отключено;;Ширяева Наталья Викторовна;0.084290005
505;2020-08-25 17:35:00+03;2020-08-25 19:37:00+03;122;Холостой ход;;Ширяева Наталья Викторовна;4.6898403
505;2020-08-25 17:06:00+03;2020-08-25 17:35:00+03;29;Отключено;;Ширяева Наталья Викторовна;0.053669997
505;2020-08-25 16:59:00+03;2020-08-25 17:06:00+03;7;Нет данных;;Ширяева Наталья Викторовна;0.01123
505;2020-08-25 08:08:00+03;2020-08-25 16:59:00+03;531;Отключено;;Ширяева Наталья Викторовна;2.3402705
505;2020-08-25 08:00:00+03;2020-08-25 08:08:00+03;8;Работает;;Ширяева Наталья Викторовна;0.07971
505;2020-08-25 02:08:00+03;2020-08-25 08:00:00+03;352;Работает;;Ширяева Наталья Викторовна;42.959377
505;2020-08-25 02:02:00+03;2020-08-25 02:08:00+03;6;Холостой ход;Поломка;Ширяева Наталья Викторовна;0.62119997
505;2020-08-25 00:00:00+03;2020-08-25 02:02:00+03;122;Работает;;Ширяева Наталья Викторовна;15.25088
505;2020-08-24 23:04:00+03;2020-08-25 00:00:00+03;56;Работает;;Ширяева Наталья Викторовна;6.6785903
505;2020-08-24 22:57:00+03;2020-08-24 23:04:00+03;7;Холостой ход;;Ширяева Наталья Викторовна;0.73274
505;2020-08-24 20:01:00+03;2020-08-24 22:57:00+03;176;Работает;;Ширяева Наталья Викторовна;21.163239
505;2020-08-24 20:00:00+03;2020-08-24 20:01:00+03;1;Работает;;;0.09896
505;2020-08-24 19:54:00+03;2020-08-24 20:00:00+03;6;Работает;;;0.03151
505;2020-08-24 15:19:00+03;2020-08-24 19:54:00+03;275;Работает;;Егорова Екатерина Сергеевна;32.912117
505;2020-08-24 15:05:00+03;2020-08-24 15:19:00+03;14;Холостой ход;;Егорова Екатерина Сергеевна;1.38667
505;2020-08-24 08:00:00+03;2020-08-24 15:05:00+03;425;Работает;;Егорова Екатерина Сергеевна;50.428543
505;2020-08-24 07:59:00+03;2020-08-24 08:00:00+03;1;Работает;;Егорова Екатерина Сергеевна;0.12712
505;2020-08-24 00:00:00+03;2020-08-24 07:59:00+03;479;Работает;;Степанова Светлана Сергеевна;59.56295
505;2020-08-23 20:05:00+03;2020-08-24 00:00:00+03;235;Работает;;Степанова Светлана Сергеевна;28.489882
505;2020-08-23 20:00:00+03;2020-08-23 20:05:00+03;5;Работает;;;0.61858
505;2020-08-23 19:52:00+03;2020-08-23 20:00:00+03;8;Работает;;;0.99605
505;2020-08-23 19:16:00+03;2020-08-23 19:52:00+03;36;Работает;;Егорова Екатерина Сергеевна;4.5170307
505;2020-08-23 19:04:00+03;2020-08-23 19:16:00+03;12;Нет данных;;Егорова Екатерина Сергеевна;
505;2020-08-23 18:56:00+03;2020-08-23 19:04:00+03;8;Работает;;Егорова Екатерина Сергеевна;0.95946
505;2020-08-23 18:33:00+03;2020-08-23 18:56:00+03;23;Холостой ход;;Егорова Екатерина Сергеевна;1.7751001
505;2020-08-23 18:02:00+03;2020-08-23 18:33:00+03;31;Отключено;;Егорова Екатерина Сергеевна;0.11611001
505;2020-08-23 17:49:00+03;2020-08-23 18:02:00+03;13;Холостой ход;Поломка;Егорова Екатерина Сергеевна;1.34449
505;2020-08-23 08:00:00+03;2020-08-23 17:49:00+03;589;Работает;;Егорова Екатерина Сергеевна;71.82319
505;2020-08-23 07:56:00+03;2020-08-23 08:00:00+03;4;Работает;;Егорова Екатерина Сергеевна;0.51145
505;2020-08-23 07:55:00+03;2020-08-23 07:56:00+03;1;Работает;;Егорова Екатерина Сергеевна;0.12493
505;2020-08-23 05:57:00+03;2020-08-23 07:55:00+03;118;Работает;;Рыбакова Галина Евгеньевна;14.667067
505;2020-08-23 05:49:00+03;2020-08-23 05:57:00+03;8;Холостой ход;;Рыбакова Галина Евгеньевна;0.80785996
505;2020-08-23 00:00:00+03;2020-08-23 05:49:00+03;349;Работает;;Рыбакова Галина Евгеньевна;44.18595
505;2020-08-22 21:12:00+03;2020-08-23 00:00:00+03;168;Работает;;Рыбакова Галина Евгеньевна;21.818213
505;2020-08-22 21:04:00+03;2020-08-22 21:12:00+03;8;Холостой ход;;Рыбакова Галина Евгеньевна;0.79975
505;2020-08-22 20:00:00+03;2020-08-22 21:04:00+03;64;Работает;;Рыбакова Галина Евгеньевна;7.8042593
505;2020-08-22 19:52:00+03;2020-08-22 20:00:00+03;8;Работает;;Рыбакова Галина Евгеньевна;1.0403801
505;2020-08-22 19:51:00+03;2020-08-22 19:52:00+03;1;Работает;;Рыбакова Галина Евгеньевна;0.13288
505;2020-08-22 15:57:00+03;2020-08-22 19:51:00+03;234;Работает;;Степанова Светлана Сергеевна;28.832281
505;2020-08-22 15:48:00+03;2020-08-22 15:57:00+03;9;Холостой ход;;Степанова Светлана Сергеевна;0.87494993
505;2020-08-22 15:43:00+03;2020-08-22 15:48:00+03;5;Работает;;Степанова Светлана Сергеевна;0.51705
505;2020-08-22 14:41:00+03;2020-08-22 15:43:00+03;62;Холостой ход;;Степанова Светлана Сергеевна;5.98078
505;2020-08-22 12:51:00+03;2020-08-22 14:41:00+03;110;Работает;;Степанова Светлана Сергеевна;13.140426
505;2020-08-22 12:33:00+03;2020-08-22 12:51:00+03;18;Отключено;;Степанова Светлана Сергеевна;0.15726998
505;2020-08-22 11:55:00+03;2020-08-22 12:33:00+03;38;Работает;;Степанова Светлана Сергеевна;4.76304
505;2020-08-22 11:39:00+03;2020-08-22 11:55:00+03;16;Холостой ход;;Степанова Светлана Сергеевна;1.5659701
505;2020-08-22 11:38:00+03;2020-08-22 11:39:00+03;1;Работает;;Степанова Светлана Сергеевна;0.10093
505;2020-08-22 11:22:00+03;2020-08-22 11:38:00+03;16;Холостой ход;;Степанова Светлана Сергеевна;1.57632
505;2020-08-22 09:40:00+03;2020-08-22 11:22:00+03;102;Работает;;Степанова Светлана Сергеевна;12.449858
505;2020-08-22 09:21:00+03;2020-08-22 09:40:00+03;19;Отключено;Поломка;Степанова Светлана Сергеевна;0.05881
505;2020-08-22 08:00:00+03;2020-08-22 09:21:00+03;81;Работает;;Степанова Светлана Сергеевна;9.076521
505;2020-08-22 07:54:00+03;2020-08-22 08:00:00+03;6;Работает;;Степанова Светлана Сергеевна;0.71991
505;2020-08-22 00:00:00+03;2020-08-22 07:54:00+03;474;Работает;;Егорова Екатерина Сергеевна;60.764397
505;2020-08-21 21:48:00+03;2020-08-22 00:00:00+03;132;Работает;;Егорова Екатерина Сергеевна;16.222157
505;2020-08-21 21:39:00+03;2020-08-21 21:48:00+03;9;Отключено;;Егорова Екатерина Сергеевна;0.02519
505;2020-08-21 21:32:00+03;2020-08-21 21:39:00+03;7;Нет данных;;Егорова Екатерина Сергеевна;
505;2020-08-21 20:00:00+03;2020-08-21 21:32:00+03;92;Работает;;Егорова Екатерина Сергеевна;11.399899
505;2020-08-21 19:55:00+03;2020-08-21 20:00:00+03;5;Работает;;Егорова Екатерина Сергеевна;0.46975002
505;2020-08-21 19:54:00+03;2020-08-21 19:55:00+03;1;Работает;;Егорова Екатерина Сергеевна;0.11704
505;2020-08-21 18:42:00+03;2020-08-21 19:54:00+03;72;Работает;;Рыбакова Галина Евгеньевна;8.870582
505;2020-08-21 18:34:00+03;2020-08-21 18:42:00+03;8;Холостой ход;;Рыбакова Галина Евгеньевна;0.79269004
505;2020-08-21 18:33:00+03;2020-08-21 18:34:00+03;1;Работает;;Рыбакова Галина Евгеньевна;0.10401
505;2020-08-21 18:14:00+03;2020-08-21 18:33:00+03;19;Холостой ход;;Рыбакова Галина Евгеньевна;1.86542
505;2020-08-21 16:23:00+03;2020-08-21 18:14:00+03;111;Работает;;Рыбакова Галина Евгеньевна;13.876009
505;2020-08-21 15:56:00+03;2020-08-21 16:23:00+03;27;Холостой ход;;Рыбакова Галина Евгеньевна;2.91971
505;2020-08-21 13:23:00+03;2020-08-21 15:56:00+03;153;Работает;;Рыбакова Галина Евгеньевна;18.609373
505;2020-08-21 13:16:00+03;2020-08-21 13:23:00+03;7;Холостой ход;;Рыбакова Галина Евгеньевна;0.70379
505;2020-08-21 13:00:00+03;2020-08-21 13:16:00+03;16;Работает;;Рыбакова Галина Евгеньевна;1.9305401
505;2020-08-21 12:51:00+03;2020-08-21 13:00:00+03;9;Отключено;;Рыбакова Галина Евгеньевна;0.14834
505;2020-08-21 12:44:00+03;2020-08-21 12:51:00+03;7;Холостой ход;;Рыбакова Галина Евгеньевна;0.69686
505;2020-08-21 11:05:00+03;2020-08-21 12:44:00+03;99;Работает;;Рыбакова Галина Евгеньевна;12.31328
505;2020-08-21 10:59:00+03;2020-08-21 11:05:00+03;6;Холостой ход;;Рыбакова Галина Евгеньевна;0.59619004
505;2020-08-21 08:09:00+03;2020-08-21 10:59:00+03;170;Работает;;Рыбакова Галина Евгеньевна;20.607721
505;2020-08-21 08:04:00+03;2020-08-21 08:09:00+03;5;Холостой ход;;Рыбакова Галина Евгеньевна;0.55495
505;2020-08-21 08:00:00+03;2020-08-21 08:04:00+03;4;Работает;;Рыбакова Галина Евгеньевна;0.65827
505;2020-08-21 07:49:00+03;2020-08-21 08:00:00+03;11;Работает;;Рыбакова Галина Евгеньевна;1.29231
505;2020-08-21 07:48:00+03;2020-08-21 07:49:00+03;1;Работает;;Рыбакова Галина Евгеньевна;0.02619
505;2020-08-21 04:52:00+03;2020-08-21 07:48:00+03;176;Работает;;Ширяева Наталья Викторовна;18.12041
505;2020-08-21 04:47:00+03;2020-08-21 04:52:00+03;5;Холостой ход;;Ширяева Наталья Викторовна;0.53023
505;2020-08-21 02:44:00+03;2020-08-21 04:47:00+03;123;Работает;;Ширяева Наталья Викторовна;16.007553
505;2020-08-21 02:28:00+03;2020-08-21 02:44:00+03;16;Холостой ход;;Ширяева Наталья Викторовна;1.65492
505;2020-08-21 02:25:00+03;2020-08-21 02:28:00+03;3;Работает;;Ширяева Наталья Викторовна;0.34332
505;2020-08-21 01:43:00+03;2020-08-21 02:25:00+03;42;Холостой ход;Остановка сушилки->Разбор залома;Ширяева Наталья Викторовна;4.2971606
505;2020-08-21 00:59:00+03;2020-08-21 01:43:00+03;44;Работает;;Ширяева Наталья Викторовна;5.69639
505;2020-08-21 00:51:00+03;2020-08-21 00:59:00+03;8;Холостой ход;;Ширяева Наталья Викторовна;0.84168005
505;2020-08-21 00:00:00+03;2020-08-21 00:51:00+03;51;Работает;;Ширяева Наталья Викторовна;6.6110992
505;2020-08-20 22:14:00+03;2020-08-21 00:00:00+03;106;Работает;;Ширяева Наталья Викторовна;13.58834
505;2020-08-20 21:54:00+03;2020-08-20 22:14:00+03;20;Холостой ход;Остановка сушилки->Разбор залома;Ширяева Наталья Викторовна;2.0478199
505;2020-08-20 21:10:00+03;2020-08-20 21:54:00+03;44;Работает;;Ширяева Наталья Викторовна;5.61723
505;2020-08-20 21:02:00+03;2020-08-20 21:10:00+03;8;Холостой ход;Остановка сушилки->Разбор залома;Ширяева Наталья Викторовна;0.80734
505;2020-08-20 20:37:00+03;2020-08-20 21:02:00+03;25;Работает;;Ширяева Наталья Викторовна;3.1267796
505;2020-08-20 20:36:00+03;2020-08-20 20:37:00+03;1;Работает;;Ширяева Наталья Викторовна;0.12806
505;2020-08-20 20:25:00+03;2020-08-20 20:36:00+03;11;Работает;;Ширяева Наталья Викторовна;1.35068
505;2020-08-20 20:13:00+03;2020-08-20 20:25:00+03;12;Холостой ход;;Ширяева Наталья Викторовна;1.2455
505;2020-08-20 20:12:00+03;2020-08-20 20:13:00+03;1;Работает;;Ширяева Наталья Викторовна;0.12256
505;2020-08-20 20:03:00+03;2020-08-20 20:12:00+03;9;Холостой ход;Остановка сушилки->Разбор залома;Ширяева Наталья Викторовна;0.94010997
505;2020-08-20 20:00:00+03;2020-08-20 20:03:00+03;3;Работает;;Ширяева Наталья Викторовна;0.35549
505;2020-08-20 19:55:00+03;2020-08-20 20:00:00+03;5;Холостой ход;;;0.53085
505;2020-08-20 19:54:00+03;2020-08-20 19:55:00+03;1;Холостой ход;;;0.114
505;2020-08-20 19:19:00+03;2020-08-20 19:54:00+03;35;Работает;;Егорова Екатерина Сергеевна;4.45189
505;2020-08-20 19:05:00+03;2020-08-20 19:19:00+03;14;Холостой ход;Остановка сушилки->Разбор залома;Егорова Екатерина Сергеевна;1.38749
505;2020-08-20 18:26:00+03;2020-08-20 19:05:00+03;39;Работает;;Егорова Екатерина Сергеевна;4.8461204
505;2020-08-20 18:19:00+03;2020-08-20 18:26:00+03;7;Холостой ход;Остановка сушилки->Разбор залома;Егорова Екатерина Сергеевна;0.69785
505;2020-08-20 17:23:00+03;2020-08-20 18:19:00+03;56;Работает;;Егорова Екатерина Сергеевна;6.7469287
505;2020-08-20 17:17:00+03;2020-08-20 17:23:00+03;6;Холостой ход;;Егорова Екатерина Сергеевна;0.60946995
505;2020-08-20 16:55:00+03;2020-08-20 17:17:00+03;22;Работает;;Егорова Екатерина Сергеевна;2.60068
505;2020-08-20 16:30:00+03;2020-08-20 16:55:00+03;25;Отключено;;Егорова Екатерина Сергеевна;0.05703999
505;2020-08-20 16:20:00+03;2020-08-20 16:30:00+03;10;Работает;;Егорова Екатерина Сергеевна;1.2060201
505;2020-08-20 15:53:00+03;2020-08-20 16:20:00+03;27;Холостой ход;;Егорова Екатерина Сергеевна;2.8372295
505;2020-08-20 15:13:00+03;2020-08-20 15:53:00+03;40;Работает;;Егорова Екатерина Сергеевна;4.3064203
505;2020-08-20 14:56:00+03;2020-08-20 15:13:00+03;17;Холостой ход;;Егорова Екатерина Сергеевна;1.7123601
505;2020-08-20 14:55:00+03;2020-08-20 14:56:00+03;1;Работает;;Егорова Екатерина Сергеевна;0.10784
505;2020-08-20 14:54:00+03;2020-08-20 14:55:00+03;1;Холостой ход;;Егорова Екатерина Сергеевна;0.08694
505;2020-08-20 13:50:00+03;2020-08-20 14:54:00+03;64;Отключено;;Егорова Екатерина Сергеевна;0.15694
505;2020-08-20 13:14:00+03;2020-08-20 13:50:00+03;36;Холостой ход;;Егорова Екатерина Сергеевна;3.1345205
505;2020-08-20 13:03:00+03;2020-08-20 13:14:00+03;11;Работает;;Егорова Екатерина Сергеевна;1.35822
505;2020-08-20 12:57:00+03;2020-08-20 13:03:00+03;6;Холостой ход;;Егорова Екатерина Сергеевна;0.60498
505;2020-08-20 10:47:00+03;2020-08-20 12:57:00+03;130;Работает;;Егорова Екатерина Сергеевна;15.8870945
505;2020-08-20 10:41:00+03;2020-08-20 10:47:00+03;6;Холостой ход;;Егорова Екатерина Сергеевна;0.60488003
505;2020-08-20 09:33:00+03;2020-08-20 10:41:00+03;68;Работает;;Егорова Екатерина Сергеевна;8.04634
505;2020-08-20 09:25:00+03;2020-08-20 09:33:00+03;8;Холостой ход;Поломка;Егорова Екатерина Сергеевна;0.78002006
505;2020-08-20 09:22:00+03;2020-08-20 09:25:00+03;3;Работает;;Егорова Екатерина Сергеевна;0.35527998
505;2020-08-20 09:13:00+03;2020-08-20 09:22:00+03;9;Холостой ход;;Егорова Екатерина Сергеевна;0.90923995
505;2020-08-20 08:00:00+03;2020-08-20 09:13:00+03;73;Работает;;Егорова Екатерина Сергеевна;8.75095
505;2020-08-20 07:54:00+03;2020-08-20 08:00:00+03;6;Работает;;Егорова Екатерина Сергеевна;0.95948005
505;2020-08-20 07:53:00+03;2020-08-20 07:54:00+03;1;Работает;;Егорова Екатерина Сергеевна;0.16999
505;2020-08-20 00:00:00+03;2020-08-20 07:53:00+03;473;Работает;;Данилова Наталья Евгеньевна;78.16044
505;2020-08-19 20:00:00+03;2020-08-20 00:00:00+03;240;Работает;;Данилова Наталья Евгеньевна;39.972363
505;2020-08-19 19:57:00+03;2020-08-19 20:00:00+03;3;Работает;;Данилова Наталья Евгеньевна;0.48652
505;2020-08-19 19:56:00+03;2020-08-19 19:57:00+03;1;Работает;;Данилова Наталья Евгеньевна;0.16297
505;2020-08-19 10:21:00+03;2020-08-19 19:56:00+03;575;Работает;;Ширяева Наталья Викторовна;90.91865
505;2020-08-19 10:20:00+03;2020-08-19 10:21:00+03;1;Работает;;Ширяева Наталья Викторовна;0.16146
505;2020-08-19 08:00:00+03;2020-08-19 10:20:00+03;140;Работает;;Егорова Екатерина Сергеевна;22.24488
505;2020-08-19 07:56:00+03;2020-08-19 08:00:00+03;4;Работает;;Егорова Екатерина Сергеевна;0.61333
505;2020-08-19 07:55:00+03;2020-08-19 07:56:00+03;1;Работает;;Егорова Екатерина Сергеевна;0.17582
505;2020-08-19 00:00:00+03;2020-08-19 07:55:00+03;475;Работает;;Рыбакова Галина Евгеньевна;72.39116
505;2020-08-18 20:00:00+03;2020-08-19 00:00:00+03;240;Работает;;Рыбакова Галина Евгеньевна;32.197556
505;2020-08-18 18:09:00+03;2020-08-18 20:00:00+03;111;Работает;;Степанова Светлана Сергеевна;16.730803
505;2020-08-18 18:00:00+03;2020-08-18 18:09:00+03;9;Отключено;;Степанова Светлана Сергеевна;0.04428
505;2020-08-18 17:57:00+03;2020-08-18 18:00:00+03;3;Работает;;Степанова Светлана Сергеевна;
505;2020-08-18 17:55:00+03;2020-08-18 17:57:00+03;2;Отключено;;Степанова Светлана Сергеевна;
505;2020-08-18 17:41:00+03;2020-08-18 17:55:00+03;14;Нет данных;;Степанова Светлана Сергеевна;
505;2020-08-18 17:34:00+03;2020-08-18 17:41:00+03;7;Работает;;Степанова Светлана Сергеевна;0.29325998
505;2020-08-18 15:17:00+03;2020-08-18 17:34:00+03;137;Отключено;;Степанова Светлана Сергеевна;0.69142
505;2020-08-18 12:14:00+03;2020-08-18 15:17:00+03;183;Работает;;Степанова Светлана Сергеевна;26.892878
505;2020-08-18 12:05:00+03;2020-08-18 12:14:00+03;9;Холостой ход;;Степанова Светлана Сергеевна;0.9793901
505;2020-08-18 09:28:00+03;2020-08-18 12:05:00+03;157;Работает;;Степанова Светлана Сергеевна;19.797323
505;2020-08-18 09:16:00+03;2020-08-18 09:28:00+03;12;Отключено;;Степанова Светлана Сергеевна;0.1347
505;2020-08-18 09:14:00+03;2020-08-18 09:16:00+03;2;Работает;;Степанова Светлана Сергеевна;0.22331
505;2020-08-18 08:19:00+03;2020-08-18 09:14:00+03;55;Холостой ход;;Степанова Светлана Сергеевна;5.83642
505;2020-08-18 08:13:00+03;2020-08-18 08:19:00+03;6;Отключено;;Степанова Светлана Сергеевна;0.08524
505;2020-08-18 08:12:00+03;2020-08-18 08:13:00+03;1;Холостой ход;;Степанова Светлана Сергеевна;0.1067
505;2020-08-18 08:11:00+03;2020-08-18 08:12:00+03;1;Холостой ход;;Степанова Светлана Сергеевна;0.10738
505;2020-08-18 08:03:00+03;2020-08-18 08:11:00+03;8;Холостой ход;;Быстрова Анна Владимировна;0.87037003
505;2020-08-18 08:00:00+03;2020-08-18 08:03:00+03;3;Работает;;Быстрова Анна Владимировна;0.39551002
505;2020-08-18 06:46:00+03;2020-08-18 08:00:00+03;74;Работает;;Быстрова Анна Владимировна;9.264793
505;2020-08-18 06:38:00+03;2020-08-18 06:46:00+03;8;Холостой ход;;Быстрова Анна Владимировна;0.78789
505;2020-08-18 06:26:00+03;2020-08-18 06:38:00+03;12;Работает;;Быстрова Анна Владимировна;1.32475
505;2020-08-18 06:08:00+03;2020-08-18 06:26:00+03;18;Холостой ход;;Быстрова Анна Владимировна;1.8384101
505;2020-08-18 05:40:00+03;2020-08-18 06:08:00+03;28;Работает;;Быстрова Анна Владимировна;3.36747
505;2020-08-18 05:32:00+03;2020-08-18 05:40:00+03;8;Холостой ход;;Быстрова Анна Владимировна;0.81626004
505;2020-08-18 05:31:00+03;2020-08-18 05:32:00+03;1;Работает;;Быстрова Анна Владимировна;0.08743
505;2020-08-18 04:56:00+03;2020-08-18 05:31:00+03;35;Холостой ход;;Быстрова Анна Владимировна;2.7277303
505;2020-08-18 04:48:00+03;2020-08-18 04:56:00+03;8;Работает;;Быстрова Анна Владимировна;0.96472996
505;2020-08-18 04:26:00+03;2020-08-18 04:48:00+03;22;Холостой ход;;Быстрова Анна Владимировна;2.24014
505;2020-08-18 03:47:00+03;2020-08-18 04:26:00+03;39;Работает;;Быстрова Анна Владимировна;4.820241
505;2020-08-18 03:08:00+03;2020-08-18 03:47:00+03;39;Холостой ход;;Быстрова Анна Владимировна;3.8588698
505;2020-08-18 00:00:00+03;2020-08-18 03:08:00+03;188;Работает;;Быстрова Анна Владимировна;22.855148
505;2020-08-17 23:58:00+03;2020-08-18 00:00:00+03;2;Работает;;Быстрова Анна Владимировна;0.23767
505;2020-08-17 23:57:00+03;2020-08-17 23:58:00+03;1;Работает;;Быстрова Анна Владимировна;0.12005
505;2020-08-17 23:42:00+03;2020-08-17 23:57:00+03;15;Работает;;Рыбакова Галина Евгеньевна;1.78336
505;2020-08-17 23:41:00+03;2020-08-17 23:42:00+03;1;Холостой ход;;Рыбакова Галина Евгеньевна;0.07847
505;2020-08-17 23:31:00+03;2020-08-17 23:41:00+03;10;Отключено;;Рыбакова Галина Евгеньевна;0.07316
505;2020-08-17 23:20:00+03;2020-08-17 23:31:00+03;11;Работает;;Рыбакова Галина Евгеньевна;0.09250999
505;2020-08-17 23:13:00+03;2020-08-17 23:20:00+03;7;Отключено;;Рыбакова Галина Евгеньевна;0.050100002
505;2020-08-17 23:02:00+03;2020-08-17 23:13:00+03;11;Холостой ход;;Рыбакова Галина Евгеньевна;0.05166
505;2020-08-17 22:53:00+03;2020-08-17 23:02:00+03;9;Нет данных;;Рыбакова Галина Евгеньевна;
505;2020-08-17 22:38:00+03;2020-08-17 22:53:00+03;15;Холостой ход;;Рыбакова Галина Евгеньевна;0.10458
505;2020-08-17 22:27:00+03;2020-08-17 22:38:00+03;11;Нет данных;;Рыбакова Галина Евгеньевна;
505;2020-08-17 22:11:00+03;2020-08-17 22:27:00+03;16;Отключено;;Рыбакова Галина Евгеньевна;0.10876
505;2020-08-17 21:30:00+03;2020-08-17 22:11:00+03;41;Холостой ход;;Рыбакова Галина Евгеньевна;3.17704
505;2020-08-17 20:00:00+03;2020-08-17 21:30:00+03;90;Отключено;;Рыбакова Галина Евгеньевна;0.23324001
505;2020-08-17 09:19:00+03;2020-08-17 20:00:00+03;641;Отключено;;Рыбакова Галина Евгеньевна;1.0329103
505;2020-08-17 09:12:00+03;2020-08-17 09:19:00+03;7;Холостой ход;;Рыбакова Галина Евгеньевна;0.66611
505;2020-08-17 08:43:00+03;2020-08-17 09:12:00+03;29;Работает;;Рыбакова Галина Евгеньевна;3.1069295
505;2020-08-17 08:24:00+03;2020-08-17 08:43:00+03;19;Холостой ход;;Рыбакова Галина Евгеньевна;2.02594
505;2020-08-17 08:15:00+03;2020-08-17 08:24:00+03;9;Холостой ход;;;0.98539
505;2020-08-17 08:09:00+03;2020-08-17 08:15:00+03;6;Работает;;;0.69486
505;2020-08-17 08:00:00+03;2020-08-17 08:09:00+03;9;Холостой ход;;;0.89485
505;2020-08-17 07:51:00+03;2020-08-17 08:00:00+03;9;Холостой ход;;;0.96061
505;2020-08-17 07:37:00+03;2020-08-17 07:51:00+03;14;Холостой ход;Поломка;Ширяева Наталья Викторовна;1.5136602
505;2020-08-17 07:28:00+03;2020-08-17 07:37:00+03;9;Работает;;Ширяева Наталья Викторовна;1.10417
505;2020-08-17 07:19:00+03;2020-08-17 07:28:00+03;9;Холостой ход;;Ширяева Наталья Викторовна;0.92596996
505;2020-08-17 00:00:00+03;2020-08-17 07:19:00+03;439;Работает;;Ширяева Наталья Викторовна;54.73174
505;2020-08-16 21:23:00+03;2020-08-17 00:00:00+03;157;Работает;;Ширяева Наталья Викторовна;19.118216
505;2020-08-16 21:03:00+03;2020-08-16 21:23:00+03;20;Холостой ход;;Ширяева Наталья Викторовна;1.94296
505;2020-08-16 20:11:00+03;2020-08-16 21:03:00+03;52;Работает;;Ширяева Наталья Викторовна;6.0622783
505;2020-08-16 20:06:00+03;2020-08-16 20:11:00+03;5;Холостой ход;;Ширяева Наталья Викторовна;0.50408
505;2020-08-16 20:00:00+03;2020-08-16 20:06:00+03;6;Работает;;Ширяева Наталья Викторовна;0.74289
505;2020-08-16 19:47:00+03;2020-08-16 20:00:00+03;13;Работает;;Ширяева Наталья Викторовна;1.68587
505;2020-08-16 19:46:00+03;2020-08-16 19:47:00+03;1;Работает;;Ширяева Наталья Викторовна;0.11467
505;2020-08-16 18:04:00+03;2020-08-16 19:46:00+03;102;Работает;;Егорова Екатерина Сергеевна;12.348114
505;2020-08-16 17:58:00+03;2020-08-16 18:04:00+03;6;Холостой ход;;Егорова Екатерина Сергеевна;0.64503
505;2020-08-16 17:54:00+03;2020-08-16 17:58:00+03;4;Работает;;Егорова Екатерина Сергеевна;0.32961997
505;2020-08-16 17:40:00+03;2020-08-16 17:54:00+03;14;Холостой ход;;Егорова Екатерина Сергеевна;1.4783602
505;2020-08-16 17:16:00+03;2020-08-16 17:40:00+03;24;Работает;;Егорова Екатерина Сергеевна;2.75251
505;2020-08-16 17:07:00+03;2020-08-16 17:16:00+03;9;Холостой ход;;Егорова Екатерина Сергеевна;0.95713997
505;2020-08-16 08:31:00+03;2020-08-16 17:07:00+03;516;Работает;;Егорова Екатерина Сергеевна;65.70722
505;2020-08-16 08:30:00+03;2020-08-16 08:31:00+03;1;Работает;;Егорова Екатерина Сергеевна;0.13317
505;2020-08-16 08:00:00+03;2020-08-16 08:30:00+03;30;Работает;;Степанова Светлана Сергеевна;4.84774
505;2020-08-16 00:00:00+03;2020-08-16 08:00:00+03;480;Работает;;Степанова Светлана Сергеевна;75.845985
505;2020-08-15 23:18:00+03;2020-08-16 00:00:00+03;42;Работает;;Степанова Светлана Сергеевна;6.0716
505;2020-08-15 23:12:00+03;2020-08-15 23:18:00+03;6;Холостой ход;;Степанова Светлана Сергеевна;0.60804
505;2020-08-15 20:00:00+03;2020-08-15 23:12:00+03;192;Работает;;Степанова Светлана Сергеевна;23.60721
505;2020-08-15 19:49:00+03;2020-08-15 20:00:00+03;11;Работает;;Степанова Светлана Сергеевна;1.45099
505;2020-08-15 19:48:00+03;2020-08-15 19:49:00+03;1;Работает;;Степанова Светлана Сергеевна;0.12931
505;2020-08-15 19:47:00+03;2020-08-15 19:48:00+03;1;Работает;;Ширяева Наталья Викторовна;0.10778
505;2020-08-15 19:41:00+03;2020-08-15 19:47:00+03;6;Холостой ход;;Ширяева Наталья Викторовна;0.64919
505;2020-08-15 15:15:00+03;2020-08-15 19:41:00+03;266;Работает;;Ширяева Наталья Викторовна;32.844265
505;2020-08-15 15:05:00+03;2020-08-15 15:15:00+03;10;Холостой ход;;Ширяева Наталья Викторовна;1.06274
505;2020-08-15 15:03:00+03;2020-08-15 15:05:00+03;2;Работает;;Ширяева Наталья Викторовна;0.24447
505;2020-08-15 14:49:00+03;2020-08-15 15:03:00+03;14;Холостой ход;;Ширяева Наталья Викторовна;1.4328202
505;2020-08-15 14:39:00+03;2020-08-15 14:49:00+03;10;Работает;;Ширяева Наталья Викторовна;1.05477
505;2020-08-15 14:30:00+03;2020-08-15 14:39:00+03;9;Холостой ход;;Ширяева Наталья Викторовна;0.90969
505;2020-08-15 08:00:00+03;2020-08-15 14:30:00+03;390;Работает;;Ширяева Наталья Викторовна;48.138885
505;2020-08-15 07:54:00+03;2020-08-15 08:00:00+03;6;Работает;;Ширяева Наталья Викторовна;0.79548
505;2020-08-15 07:53:00+03;2020-08-15 07:54:00+03;1;Работает;;Ширяева Наталья Викторовна;0.0433
505;2020-08-15 07:46:00+03;2020-08-15 07:53:00+03;7;Работает;;Егорова Екатерина Сергеевна;0.72283
505;2020-08-15 07:43:00+03;2020-08-15 07:46:00+03;3;Работает;;;0.40196002
505;2020-08-15 00:00:00+03;2020-08-15 07:43:00+03;463;Работает;;Рыбакова Галина Евгеньевна;66.656296
505;2020-08-14 20:13:00+03;2020-08-15 00:00:00+03;227;Работает;;Рыбакова Галина Евгеньевна;36.407597
505;2020-08-14 20:06:00+03;2020-08-14 20:13:00+03;7;Холостой ход;;Рыбакова Галина Евгеньевна;0.74998
505;2020-08-14 20:00:00+03;2020-08-14 20:06:00+03;6;Работает;;Рыбакова Галина Евгеньевна;0.74793
505;2020-08-14 19:52:00+03;2020-08-14 20:00:00+03;8;Работает;;Рыбакова Галина Евгеньевна;1.0562999
505;2020-08-14 15:30:00+03;2020-08-14 19:52:00+03;262;Работает;;Степанова Светлана Сергеевна;31.858845
505;2020-08-14 15:24:00+03;2020-08-14 15:30:00+03;6;Холостой ход;;Степанова Светлана Сергеевна;0.62868
505;2020-08-14 14:26:00+03;2020-08-14 15:24:00+03;58;Работает;;Степанова Светлана Сергеевна;6.9393888
505;2020-08-14 14:20:00+03;2020-08-14 14:26:00+03;6;Холостой ход;;Степанова Светлана Сергеевна;0.61271
505;2020-08-14 08:00:00+03;2020-08-14 14:20:00+03;380;Работает;;Степанова Светлана Сергеевна;46.651627
505;2020-08-14 07:51:00+03;2020-08-14 08:00:00+03;9;Работает;;Степанова Светлана Сергеевна;1.1357199
505;2020-08-14 07:50:00+03;2020-08-14 07:51:00+03;1;Работает;;Степанова Светлана Сергеевна;0.11472
505;2020-08-14 04:28:00+03;2020-08-14 07:50:00+03;202;Работает;;Быстрова Анна Владимировна;24.73099
505;2020-08-14 04:14:00+03;2020-08-14 04:28:00+03;14;Холостой ход;;Быстрова Анна Владимировна;1.5261701
505;2020-08-14 02:37:00+03;2020-08-14 04:14:00+03;97;Работает;;Быстрова Анна Владимировна;11.213799
505;2020-08-14 02:26:00+03;2020-08-14 02:37:00+03;11;Холостой ход;;Быстрова Анна Владимировна;1.15765
505;2020-08-14 02:06:00+03;2020-08-14 02:26:00+03;20;Работает;;Быстрова Анна Владимировна;2.44352
505;2020-08-14 02:05:00+03;2020-08-14 02:06:00+03;1;Работает;;Быстрова Анна Владимировна;0.12408
505;2020-08-14 02:00:00+03;2020-08-14 02:05:00+03;5;Работает;;Быстрова Анна Владимировна;0.59000003
505;2020-08-14 01:50:00+03;2020-08-14 02:00:00+03;10;Холостой ход;Остановка сушилки->Разбор залома;Быстрова Анна Владимировна;1.01636
505;2020-08-14 00:00:00+03;2020-08-14 01:50:00+03;110;Работает;;Быстрова Анна Владимировна;13.342681
505;2020-08-13 20:00:00+03;2020-08-14 00:00:00+03;240;Работает;;Быстрова Анна Владимировна;29.637854
505;2020-08-13 19:53:00+03;2020-08-13 20:00:00+03;7;Работает;;Быстрова Анна Владимировна;1.19209
505;2020-08-13 19:52:00+03;2020-08-13 19:53:00+03;1;Работает;;Быстрова Анна Владимировна;0.16301
505;2020-08-13 10:43:00+03;2020-08-13 19:52:00+03;549;Работает;;Рыбакова Галина Евгеньевна;77.89943
505;2020-08-13 10:32:00+03;2020-08-13 10:43:00+03;11;Нет данных;;Рыбакова Галина Евгеньевна;
505;2020-08-13 08:00:00+03;2020-08-13 10:32:00+03;152;Работает;;Рыбакова Галина Евгеньевна;18.717142
505;2020-08-13 07:51:00+03;2020-08-13 08:00:00+03;9;Работает;;Рыбакова Галина Евгеньевна;1.15235
505;2020-08-13 07:50:00+03;2020-08-13 07:51:00+03;1;Работает;;Рыбакова Галина Евгеньевна;0.13149
505;2020-08-13 04:56:00+03;2020-08-13 07:50:00+03;174;Работает;;Ширяева Наталья Викторовна;21.957565
505;2020-08-13 04:49:00+03;2020-08-13 04:56:00+03;7;Холостой ход;;Ширяева Наталья Викторовна;0.7258
505;2020-08-13 03:28:00+03;2020-08-13 04:49:00+03;81;Работает;;Ширяева Наталья Викторовна;10.09036
505;2020-08-13 02:56:00+03;2020-08-13 03:28:00+03;32;Холостой ход;;Ширяева Наталья Викторовна;3.20536
505;2020-08-13 01:15:00+03;2020-08-13 02:56:00+03;101;Работает;;Ширяева Наталья Викторовна;12.005243
505;2020-08-13 01:01:00+03;2020-08-13 01:15:00+03;14;Холостой ход;Поломка;Ширяева Наталья Викторовна;1.3837401
505;2020-08-13 00:00:00+03;2020-08-13 01:01:00+03;61;Работает;;Ширяева Наталья Викторовна;7.7874503
505;2020-08-12 20:00:00+03;2020-08-13 00:00:00+03;240;Работает;;Ширяева Наталья Викторовна;34.963177
505;2020-08-12 19:48:00+03;2020-08-12 20:00:00+03;12;Работает;;Ширяева Наталья Викторовна;1.56271
505;2020-08-12 19:47:00+03;2020-08-12 19:48:00+03;1;Работает;;Ширяева Наталья Викторовна;0.13203
505;2020-08-12 18:51:00+03;2020-08-12 19:47:00+03;56;Работает;;Егорова Екатерина Сергеевна;7.08122
505;2020-08-12 18:40:00+03;2020-08-12 18:51:00+03;11;Холостой ход;;Егорова Екатерина Сергеевна;0.75092
505;2020-08-12 18:05:00+03;2020-08-12 18:40:00+03;35;Работает;;Егорова Екатерина Сергеевна;4.0873795
505;2020-08-12 17:58:00+03;2020-08-12 18:05:00+03;7;Холостой ход;;Егорова Екатерина Сергеевна;0.75283
505;2020-08-12 17:45:00+03;2020-08-12 17:58:00+03;13;Работает;;Егорова Екатерина Сергеевна;0.80744994
505;2020-08-12 17:21:00+03;2020-08-12 17:45:00+03;24;Отключено;;Егорова Екатерина Сергеевна;0.10169002
505;2020-08-12 17:16:00+03;2020-08-12 17:21:00+03;5;Работает;;Егорова Екатерина Сергеевна;0.59257007
505;2020-08-12 17:05:00+03;2020-08-12 17:16:00+03;11;Холостой ход;;Егорова Екатерина Сергеевна;1.1800901
505;2020-08-12 17:00:00+03;2020-08-12 17:05:00+03;5;Работает;;Егорова Екатерина Сергеевна;0.61263
505;2020-08-12 16:53:00+03;2020-08-12 17:00:00+03;7;Холостой ход;;Егорова Екатерина Сергеевна;0.77321005
505;2020-08-12 08:00:00+03;2020-08-12 16:53:00+03;533;Работает;;Егорова Екатерина Сергеевна;69.87251
505;2020-08-12 07:50:00+03;2020-08-12 08:00:00+03;10;Работает;;Егорова Екатерина Сергеевна;1.28193
505;2020-08-12 07:49:00+03;2020-08-12 07:50:00+03;1;Работает;;Егорова Екатерина Сергеевна;0.12466
505;2020-08-12 03:50:00+03;2020-08-12 07:49:00+03;239;Работает;;Степанова Светлана Сергеевна;29.168585
505;2020-08-12 01:17:00+03;2020-08-12 03:50:00+03;153;Отключено;;Степанова Светлана Сергеевна;0.25830996
505;2020-08-12 01:12:00+03;2020-08-12 01:17:00+03;5;Холостой ход;;Степанова Светлана Сергеевна;0.49521
505;2020-08-12 00:00:00+03;2020-08-12 01:12:00+03;72;Работает;;Степанова Светлана Сергеевна;8.85405
505;2020-08-11 23:54:00+03;2020-08-12 00:00:00+03;6;Работает;;Степанова Светлана Сергеевна;0.76078
505;2020-08-11 23:48:00+03;2020-08-11 23:54:00+03;6;Холостой ход;;Степанова Светлана Сергеевна;0.65887004
505;2020-08-11 20:00:00+03;2020-08-11 23:48:00+03;228;Работает;;Степанова Светлана Сергеевна;28.024282
505;2020-08-11 19:51:00+03;2020-08-11 20:00:00+03;9;Работает;;Степанова Светлана Сергеевна;1.1433799
505;2020-08-11 19:50:00+03;2020-08-11 19:51:00+03;1;Работает;;Степанова Светлана Сергеевна;0.12819
505;2020-08-11 19:01:00+03;2020-08-11 19:50:00+03;49;Работает;;Ширяева Наталья Викторовна;6.3187394
505;2020-08-11 18:37:00+03;2020-08-11 19:01:00+03;24;Холостой ход;;Ширяева Наталья Викторовна;2.3441298
505;2020-08-11 17:53:00+03;2020-08-11 18:37:00+03;44;Работает;;Ширяева Наталья Викторовна;5.44941
505;2020-08-11 17:46:00+03;2020-08-11 17:53:00+03;7;Холостой ход;;Ширяева Наталья Викторовна;0.71175003
505;2020-08-11 08:00:00+03;2020-08-11 17:46:00+03;586;Работает;;Ширяева Наталья Викторовна;83.33181
505;2020-08-11 07:55:00+03;2020-08-11 08:00:00+03;5;Работает;;Ширяева Наталья Викторовна;0.66361
505;2020-08-11 07:54:00+03;2020-08-11 07:55:00+03;1;Работает;;Ширяева Наталья Викторовна;0.12223
505;2020-08-11 00:00:00+03;2020-08-11 07:54:00+03;474;Работает;;Рыбакова Галина Евгеньевна;61.07798
505;2020-08-10 20:31:00+03;2020-08-11 00:00:00+03;209;Работает;;Рыбакова Галина Евгеньевна;26.39749
505;2020-08-10 20:19:00+03;2020-08-10 20:31:00+03;12;Холостой ход;;Рыбакова Галина Евгеньевна;1.25278
505;2020-08-10 20:00:00+03;2020-08-10 20:19:00+03;19;Работает;;Рыбакова Галина Евгеньевна;2.4319704
505;2020-08-10 19:55:00+03;2020-08-10 20:00:00+03;5;Работает;;Рыбакова Галина Евгеньевна;0.65888
505;2020-08-10 19:54:00+03;2020-08-10 19:55:00+03;1;Работает;;;0.12463
505;2020-08-10 19:53:00+03;2020-08-10 19:54:00+03;1;Работает;;Данилова Наталья Евгеньевна;0.12402
505;2020-08-10 19:52:00+03;2020-08-10 19:53:00+03;1;Работает;;Рыбакова Галина Евгеньевна;0.12276
505;2020-08-10 18:34:00+03;2020-08-10 19:52:00+03;78;Работает;;Ширяева Наталья Викторовна;9.234098
505;2020-08-10 08:07:00+03;2020-08-10 18:34:00+03;627;Отключено;;Ширяева Наталья Викторовна;0.5440503
505;2020-08-10 08:01:00+03;2020-08-10 08:07:00+03;6;Работает;;Ширяева Наталья Викторовна;0.70554
505;2020-08-10 08:00:00+03;2020-08-10 08:01:00+03;1;Холостой ход;;Ширяева Наталья Викторовна;0.01907
505;2020-08-10 07:47:00+03;2020-08-10 08:00:00+03;13;Холостой ход;;Ширяева Наталья Викторовна;1.1179601
505;2020-08-10 07:03:00+03;2020-08-10 07:47:00+03;44;Работает;;Ширяева Наталья Викторовна;5.5804806
505;2020-08-10 06:12:00+03;2020-08-10 07:03:00+03;51;Холостой ход;;Ширяева Наталья Викторовна;5.49439
505;2020-08-10 05:31:00+03;2020-08-10 06:12:00+03;41;Работает;;Ширяева Наталья Викторовна;4.44148
505;2020-08-10 04:24:00+03;2020-08-10 05:31:00+03;67;Холостой ход;;Ширяева Наталья Викторовна;7.130241
505;2020-08-10 03:55:00+03;2020-08-10 04:24:00+03;29;Работает;;Ширяева Наталья Викторовна;3.7023802
505;2020-08-10 03:43:00+03;2020-08-10 03:55:00+03;12;Холостой ход;;Ширяева Наталья Викторовна;1.28387
505;2020-08-10 03:26:00+03;2020-08-10 03:43:00+03;17;Работает;;Ширяева Наталья Викторовна;2.09923
505;2020-08-10 02:35:00+03;2020-08-10 03:26:00+03;51;Холостой ход;;Ширяева Наталья Викторовна;5.3490405
505;2020-08-10 01:52:00+03;2020-08-10 02:35:00+03;43;Работает;;Ширяева Наталья Викторовна;5.405111
505;2020-08-10 01:16:00+03;2020-08-10 01:52:00+03;36;Холостой ход;;Ширяева Наталья Викторовна;3.79787
505;2020-08-10 00:26:00+03;2020-08-10 01:16:00+03;50;Работает;;Ширяева Наталья Викторовна;6.1643004
505;2020-08-10 00:13:00+03;2020-08-10 00:26:00+03;13;Холостой ход;;Ширяева Наталья Викторовна;1.37925
505;2020-08-10 00:12:00+03;2020-08-10 00:13:00+03;1;Работает;;Ширяева Наталья Викторовна;0.10626
505;2020-08-10 00:00:00+03;2020-08-10 00:12:00+03;12;Отключено;;Ширяева Наталья Викторовна;0.07988
505;2020-08-09 23:51:00+03;2020-08-10 00:00:00+03;9;Отключено;;Ширяева Наталья Викторовна;0.09258
505;2020-08-09 23:15:00+03;2020-08-09 23:51:00+03;36;Холостой ход;;Ширяева Наталья Викторовна;3.8708503
505;2020-08-09 22:34:00+03;2020-08-09 23:15:00+03;41;Работает;;Ширяева Наталья Викторовна;5.1352406
505;2020-08-09 22:00:00+03;2020-08-09 22:34:00+03;34;Холостой ход;;Ширяева Наталья Викторовна;3.31307
505;2020-08-09 21:15:00+03;2020-08-09 22:00:00+03;45;Работает;;Ширяева Наталья Викторовна;5.49972
505;2020-08-09 21:08:00+03;2020-08-09 21:15:00+03;7;Холостой ход;;Ширяева Наталья Викторовна;0.73673
505;2020-08-09 21:07:00+03;2020-08-09 21:08:00+03;1;Работает;;Ширяева Наталья Викторовна;0.10837
505;2020-08-09 20:47:00+03;2020-08-09 21:07:00+03;20;Холостой ход;Отсутствие шпона->Отсутствие шпона;Ширяева Наталья Викторовна;2.10077
505;2020-08-09 20:00:00+03;2020-08-09 20:47:00+03;47;Работает;;Ширяева Наталья Викторовна;5.3711796
505;2020-08-09 19:23:00+03;2020-08-09 20:00:00+03;37;Работает;;Ширяева Наталья Викторовна;5.04172
505;2020-08-09 18:48:00+03;2020-08-09 19:23:00+03;35;Холостой ход;;Ширяева Наталья Викторовна;3.7532103
505;2020-08-09 17:51:00+03;2020-08-09 18:48:00+03;57;Работает;;Ширяева Наталья Викторовна;7.1714215
505;2020-08-09 17:44:00+03;2020-08-09 17:51:00+03;7;Холостой ход;;Ширяева Наталья Викторовна;0.64785004
505;2020-08-09 17:35:00+03;2020-08-09 17:44:00+03;9;Отключено;;Ширяева Наталья Викторовна;0.109000005
505;2020-08-09 15:15:00+03;2020-08-09 17:35:00+03;140;Работает;;Ширяева Наталья Викторовна;17.881771
505;2020-08-09 15:08:00+03;2020-08-09 15:15:00+03;7;Отключено;;Ширяева Наталья Викторовна;0.0647
505;2020-08-09 12:45:00+03;2020-08-09 15:08:00+03;143;Работает;;Ширяева Наталья Викторовна;17.393291
505;2020-08-09 12:19:00+03;2020-08-09 12:45:00+03;26;Холостой ход;;Ширяева Наталья Викторовна;2.7471502
505;2020-08-09 12:16:00+03;2020-08-09 12:19:00+03;3;Работает;;Ширяева Наталья Викторовна;0.40636998
505;2020-08-09 11:28:00+03;2020-08-09 12:16:00+03;48;Отключено;;Ширяева Наталья Викторовна;0.09495
505;2020-08-09 10:24:00+03;2020-08-09 11:28:00+03;64;Работает;;Ширяева Наталья Викторовна;8.26299
505;2020-08-09 10:12:00+03;2020-08-09 10:24:00+03;12;Отключено;;Ширяева Наталья Викторовна;0.104049996
505;2020-08-09 09:14:00+03;2020-08-09 10:12:00+03;58;Работает;;Ширяева Наталья Викторовна;7.1088896
505;2020-08-09 09:02:00+03;2020-08-09 09:14:00+03;12;Холостой ход;;Ширяева Наталья Викторовна;1.18163
505;2020-08-09 08:00:00+03;2020-08-09 09:02:00+03;62;Отключено;;Ширяева Наталья Викторовна;0.04973
505;2020-08-09 07:47:00+03;2020-08-09 08:00:00+03;13;Отключено;;Ширяева Наталья Викторовна;0.026200002
505;2020-08-09 07:33:00+03;2020-08-09 07:47:00+03;14;Холостой ход;;Ширяева Наталья Викторовна;1.4669199
505;2020-08-09 06:46:00+03;2020-08-09 07:33:00+03;47;Работает;;Ширяева Наталья Викторовна;5.3043494
505;2020-08-09 06:38:00+03;2020-08-09 06:46:00+03;8;Холостой ход;;Ширяева Наталья Викторовна;0.79217
505;2020-08-09 06:37:00+03;2020-08-09 06:38:00+03;1;Работает;;Ширяева Наталья Викторовна;0.10584
505;2020-08-09 06:32:00+03;2020-08-09 06:37:00+03;5;Холостой ход;;Ширяева Наталья Викторовна;0.50483
505;2020-08-09 05:47:00+03;2020-08-09 06:32:00+03;45;Работает;;Ширяева Наталья Викторовна;5.5084295
505;2020-08-09 05:35:00+03;2020-08-09 05:47:00+03;12;Холостой ход;;Ширяева Наталья Викторовна;1.20522
505;2020-08-09 05:34:00+03;2020-08-09 05:35:00+03;1;Работает;;Ширяева Наталья Викторовна;0.11887
505;2020-08-09 03:06:00+03;2020-08-09 05:34:00+03;148;Холостой ход;;Ширяева Наталья Викторовна;14.540297
505;2020-08-09 02:19:00+03;2020-08-09 03:06:00+03;47;Работает;;Ширяева Наталья Викторовна;5.7956104
505;2020-08-09 01:45:00+03;2020-08-09 02:19:00+03;34;Холостой ход;;Ширяева Наталья Викторовна;3.55142
505;2020-08-09 01:02:00+03;2020-08-09 01:45:00+03;43;Работает;;Ширяева Наталья Викторовна;5.4547396
505;2020-08-09 00:55:00+03;2020-08-09 01:02:00+03;7;Холостой ход;;Ширяева Наталья Викторовна;0.7667
505;2020-08-09 00:54:00+03;2020-08-09 00:55:00+03;1;Работает;;Ширяева Наталья Викторовна;0.10539
505;2020-08-09 00:15:00+03;2020-08-09 00:54:00+03;39;Холостой ход;;Ширяева Наталья Викторовна;4.2127295
505;2020-08-09 00:00:00+03;2020-08-09 00:15:00+03;15;Работает;;Ширяева Наталья Викторовна;1.93063
505;2020-08-08 23:33:00+03;2020-08-09 00:00:00+03;27;Работает;;Ширяева Наталья Викторовна;3.41655
505;2020-08-08 23:22:00+03;2020-08-08 23:33:00+03;11;Холостой ход;;Ширяева Наталья Викторовна;1.14955
505;2020-08-08 23:20:00+03;2020-08-08 23:22:00+03;2;Работает;;Ширяева Наталья Викторовна;0.24412
505;2020-08-08 22:20:00+03;2020-08-08 23:20:00+03;60;Холостой ход;;Ширяева Наталья Викторовна;6.328091
505;2020-08-08 21:50:00+03;2020-08-08 22:20:00+03;30;Работает;;Ширяева Наталья Викторовна;3.7316005
505;2020-08-08 21:40:00+03;2020-08-08 21:50:00+03;10;Холостой ход;;Ширяева Наталья Викторовна;1.0546601
505;2020-08-08 21:18:00+03;2020-08-08 21:40:00+03;22;Работает;;Ширяева Наталья Викторовна;2.52897
505;2020-08-08 21:17:00+03;2020-08-08 21:18:00+03;1;Отключено;;Ширяева Наталья Викторовна;0.08857
505;2020-08-08 20:00:00+03;2020-08-08 21:17:00+03;77;Отключено;;Степанова Светлана Сергеевна;0.06605999
505;2020-08-08 19:37:00+03;2020-08-08 20:00:00+03;23;Отключено;;Степанова Светлана Сергеевна;0.09530001
505;2020-08-08 18:53:00+03;2020-08-08 19:37:00+03;44;Работает;;Степанова Светлана Сергеевна;5.49448
505;2020-08-08 18:52:00+03;2020-08-08 18:53:00+03;1;Холостой ход;;Степанова Светлана Сергеевна;0.06607
505;2020-08-08 18:39:00+03;2020-08-08 18:52:00+03;13;Отключено;;Степанова Светлана Сергеевна;0.11916
505;2020-08-08 17:54:00+03;2020-08-08 18:39:00+03;45;Работает;;Степанова Светлана Сергеевна;5.3662605
505;2020-08-08 17:31:00+03;2020-08-08 17:54:00+03;23;Холостой ход;;Степанова Светлана Сергеевна;2.24828
505;2020-08-08 16:52:00+03;2020-08-08 17:31:00+03;39;Отключено;;Степанова Светлана Сергеевна;0.14380997
505;2020-08-08 15:21:00+03;2020-08-08 16:52:00+03;91;Работает;;Степанова Светлана Сергеевна;11.18308
505;2020-08-08 14:48:00+03;2020-08-08 15:21:00+03;33;Холостой ход;;Степанова Светлана Сергеевна;3.34767
505;2020-08-08 14:42:00+03;2020-08-08 14:48:00+03;6;Работает;;Степанова Светлана Сергеевна;0.11206
505;2020-08-08 14:18:00+03;2020-08-08 14:42:00+03;24;Холостой ход;;Степанова Светлана Сергеевна;2.44664
505;2020-08-08 12:03:00+03;2020-08-08 14:18:00+03;135;Работает;;Степанова Светлана Сергеевна;16.091879
505;2020-08-08 11:52:00+03;2020-08-08 12:03:00+03;11;Холостой ход;;Степанова Светлана Сергеевна;1.08404
505;2020-08-08 11:27:00+03;2020-08-08 11:52:00+03;25;Отключено;;Степанова Светлана Сергеевна;0.10302999
505;2020-08-08 08:00:00+03;2020-08-08 11:27:00+03;207;Работает;;Степанова Светлана Сергеевна;24.98502
505;2020-08-08 07:36:00+03;2020-08-08 08:00:00+03;24;Работает;;Степанова Светлана Сергеевна;3.2704802
505;2020-08-08 07:26:00+03;2020-08-08 07:36:00+03;10;Холостой ход;;Степанова Светлана Сергеевна;1.0664301
505;2020-08-08 07:25:00+03;2020-08-08 07:26:00+03;1;Работает;;Степанова Светлана Сергеевна;0.10015
505;2020-08-08 07:19:00+03;2020-08-08 07:25:00+03;6;Отключено;;Степанова Светлана Сергеевна;0.02513
505;2020-08-08 07:18:00+03;2020-08-08 07:19:00+03;1;Работает;;Степанова Светлана Сергеевна;0.08989
505;2020-08-08 06:57:00+03;2020-08-08 07:18:00+03;21;Отключено;;Степанова Светлана Сергеевна;0.055540003
505;2020-08-08 00:00:00+03;2020-08-08 06:57:00+03;417;Работает;;Степанова Светлана Сергеевна;52.08477
505;2020-08-07 23:37:00+03;2020-08-08 00:00:00+03;23;Работает;;Степанова Светлана Сергеевна;2.9166803
505;2020-08-07 23:31:00+03;2020-08-07 23:37:00+03;6;Отключено;;Степанова Светлана Сергеевна;0.09426001
505;2020-08-07 20:00:00+03;2020-08-07 23:31:00+03;211;Работает;;Степанова Светлана Сергеевна;26.315891
505;2020-08-07 19:49:00+03;2020-08-07 20:00:00+03;11;Работает;;Степанова Светлана Сергеевна;1.4275501
505;2020-08-07 19:48:00+03;2020-08-07 19:49:00+03;1;Холостой ход;;Степанова Светлана Сергеевна;0.1057
505;2020-08-07 19:42:00+03;2020-08-07 19:48:00+03;6;Холостой ход;;Ширяева Наталья Викторовна;0.6554899
505;2020-08-07 19:11:00+03;2020-08-07 19:42:00+03;31;Работает;;Ширяева Наталья Викторовна;4.01583
505;2020-08-07 18:58:00+03;2020-08-07 19:11:00+03;13;Холостой ход;;Ширяева Наталья Викторовна;1.30094
505;2020-08-07 18:42:00+03;2020-08-07 18:58:00+03;16;Работает;;Ширяева Наталья Викторовна;1.9524301
505;2020-08-07 18:31:00+03;2020-08-07 18:42:00+03;11;Холостой ход;;Ширяева Наталья Викторовна;1.01395
505;2020-08-07 13:36:00+03;2020-08-07 18:31:00+03;295;Работает;;Ширяева Наталья Викторовна;35.163
505;2020-08-07 13:26:00+03;2020-08-07 13:36:00+03;10;Нет данных;;Ширяева Наталья Викторовна;
505;2020-08-07 08:00:00+03;2020-08-07 13:26:00+03;326;Работает;;Ширяева Наталья Викторовна;40.74394
505;2020-08-07 07:53:00+03;2020-08-07 08:00:00+03;7;Работает;;Ширяева Наталья Викторовна;1.00486
505;2020-08-07 07:52:00+03;2020-08-07 07:53:00+03;1;Работает;;Ширяева Наталья Викторовна;0.12142
505;2020-08-07 02:17:00+03;2020-08-07 07:52:00+03;335;Работает;;Рыбакова Галина Евгеньевна;45.40177
505;2020-08-07 02:07:00+03;2020-08-07 02:17:00+03;10;Нет данных;;Рыбакова Галина Евгеньевна;
505;2020-08-07 01:44:00+03;2020-08-07 02:07:00+03;23;Работает;;Рыбакова Галина Евгеньевна;3.08335
505;2020-08-07 01:36:00+03;2020-08-07 01:44:00+03;8;Нет данных;;Рыбакова Галина Евгеньевна;
505;2020-08-07 01:04:00+03;2020-08-07 01:36:00+03;32;Работает;;Рыбакова Галина Евгеньевна;4.1993203
505;2020-08-07 00:56:00+03;2020-08-07 01:04:00+03;8;Отключено;;Рыбакова Галина Евгеньевна;0.112430006
505;2020-08-07 00:55:00+03;2020-08-07 00:56:00+03;1;Работает;;Рыбакова Галина Евгеньевна;0.11342
505;2020-08-07 00:32:00+03;2020-08-07 00:55:00+03;23;Холостой ход;;Рыбакова Галина Евгеньевна;2.5013802
505;2020-08-07 00:00:00+03;2020-08-07 00:32:00+03;32;Работает;;Рыбакова Галина Евгеньевна;4.20488
505;2020-08-06 20:00:00+03;2020-08-07 00:00:00+03;240;Работает;;Рыбакова Галина Евгеньевна;31.192059
505;2020-08-06 19:49:00+03;2020-08-06 20:00:00+03;11;Работает;;Рыбакова Галина Евгеньевна;1.42468
505;2020-08-06 19:48:00+03;2020-08-06 19:49:00+03;1;Работает;;Рыбакова Галина Евгеньевна;0.12171
505;2020-08-06 11:52:00+03;2020-08-06 19:48:00+03;476;Работает;;Степанова Светлана Сергеевна;59.692333
505;2020-08-06 11:51:00+03;2020-08-06 11:52:00+03;1;Работает;;Степанова Светлана Сергеевна;0.13032
505;2020-08-06 08:00:00+03;2020-08-06 11:51:00+03;231;Работает;;Рыбакова Галина Евгеньевна;28.199522
505;2020-08-06 00:00:00+03;2020-08-06 08:00:00+03;480;Работает;;Рыбакова Галина Евгеньевна;54.926353
505;2020-08-05 22:27:00+03;2020-08-06 00:00:00+03;93;Работает;;Рыбакова Галина Евгеньевна;11.575678
505;2020-08-05 22:21:00+03;2020-08-05 22:27:00+03;6;Отключено;;Рыбакова Галина Евгеньевна;0.11984
505;2020-08-05 20:00:00+03;2020-08-05 22:21:00+03;141;Работает;;Рыбакова Галина Евгеньевна;17.597431
505;2020-08-05 12:06:00+03;2020-08-05 20:00:00+03;474;Работает;;Рыбакова Галина Евгеньевна;58.333347
505;2020-08-05 11:53:00+03;2020-08-05 12:06:00+03;13;Холостой ход;;Рыбакова Галина Евгеньевна;1.3503
505;2020-08-05 10:56:00+03;2020-08-05 11:53:00+03;57;Работает;;Рыбакова Галина Евгеньевна;7.0521593
505;2020-08-05 10:36:00+03;2020-08-05 10:56:00+03;20;Нет данных;;Рыбакова Галина Евгеньевна;0.59436
505;2020-08-05 08:00:00+03;2020-08-05 10:36:00+03;156;Работает;;Рыбакова Галина Евгеньевна;19.927553
505;2020-08-05 07:49:00+03;2020-08-05 08:00:00+03;11;Работает;;Рыбакова Галина Евгеньевна;1.3628399
505;2020-08-05 00:00:00+03;2020-08-05 07:49:00+03;469;Работает;;Ширяева Наталья Викторовна;56.034454
505;2020-08-04 20:47:00+03;2020-08-05 00:00:00+03;193;Работает;;Ширяева Наталья Викторовна;23.681347
505;2020-08-04 20:37:00+03;2020-08-04 20:47:00+03;10;Нет данных;;Ширяева Наталья Викторовна;
505;2020-08-04 20:15:00+03;2020-08-04 20:37:00+03;22;Работает;;Ширяева Наталья Викторовна;2.7284102
505;2020-08-04 20:14:00+03;2020-08-04 20:15:00+03;1;Работает;;Ширяева Наталья Викторовна;0.10018
505;2020-08-04 20:09:00+03;2020-08-04 20:14:00+03;5;Холостой ход;;Егорова Екатерина Сергеевна;0.50047004
505;2020-08-04 20:00:00+03;2020-08-04 20:09:00+03;9;Работает;;Егорова Екатерина Сергеевна;1.14198
505;2020-08-04 19:56:00+03;2020-08-04 20:00:00+03;4;Работает;;Егорова Екатерина Сергеевна;0.51939
505;2020-08-04 19:50:00+03;2020-08-04 19:56:00+03;6;Холостой ход;;Егорова Екатерина Сергеевна;0.64557004
505;2020-08-04 18:38:00+03;2020-08-04 19:50:00+03;72;Работает;;Егорова Екатерина Сергеевна;8.594639
505;2020-08-04 18:07:00+03;2020-08-04 18:38:00+03;31;Отключено;;Егорова Екатерина Сергеевна;0.15220001
505;2020-08-04 17:50:00+03;2020-08-04 18:07:00+03;17;Холостой ход;;Егорова Екатерина Сергеевна;1.5915899
505;2020-08-04 17:40:00+03;2020-08-04 17:50:00+03;10;Работает;;Егорова Екатерина Сергеевна;1.2535399
505;2020-08-04 17:25:00+03;2020-08-04 17:40:00+03;15;Холостой ход;;Егорова Екатерина Сергеевна;1.4538201
505;2020-08-04 08:00:00+03;2020-08-04 17:25:00+03;565;Отключено;;Егорова Екатерина Сергеевна;0.30322993
505;2020-08-04 07:58:00+03;2020-08-04 08:00:00+03;2;Отключено;;Егорова Екатерина Сергеевна;
505;2020-08-04 07:57:00+03;2020-08-04 07:58:00+03;1;Отключено;;Егорова Екатерина Сергеевна;
505;2020-08-04 03:35:00+03;2020-08-04 07:57:00+03;262;Работает;;Данилова Наталья Евгеньевна;
505;2020-08-04 03:27:00+03;2020-08-04 03:35:00+03;8;Холостой ход;;Данилова Наталья Евгеньевна;
505;2020-08-04 00:00:00+03;2020-08-04 03:27:00+03;207;Работает;;Данилова Наталья Евгеньевна;
505;2020-08-03 20:05:00+03;2020-08-04 00:00:00+03;235;Работает;;Данилова Наталья Евгеньевна;
505;2020-08-03 20:04:00+03;2020-08-03 20:05:00+03;1;Работает;;Данилова Наталья Евгеньевна;
505;2020-08-03 20:00:00+03;2020-08-03 20:04:00+03;4;Работает;;Ширяева Наталья Викторовна;
505;2020-08-03 17:52:00+03;2020-08-03 20:00:00+03;128;Работает;;Ширяева Наталья Викторовна;
505;2020-08-03 17:41:00+03;2020-08-03 17:52:00+03;11;Нет данных;;Ширяева Наталья Викторовна;
505;2020-08-03 17:30:00+03;2020-08-03 17:41:00+03;11;Холостой ход;;Ширяева Наталья Викторовна;
505;2020-08-03 17:23:00+03;2020-08-03 17:30:00+03;7;Работает;;Ширяева Наталья Викторовна;
505;2020-08-03 16:22:00+03;2020-08-03 17:23:00+03;61;Холостой ход;;Ширяева Наталья Викторовна;
505;2020-08-03 15:30:00+03;2020-08-03 16:22:00+03;52;Работает;;Ширяева Наталья Викторовна;
505;2020-08-03 15:18:00+03;2020-08-03 15:30:00+03;12;Холостой ход;;Ширяева Наталья Викторовна;
505;2020-08-03 12:54:00+03;2020-08-03 15:18:00+03;144;Работает;;Ширяева Наталья Викторовна;5.07595
505;2020-08-03 12:43:00+03;2020-08-03 12:54:00+03;11;Отключено;;Ширяева Наталья Викторовна;0.02928
505;2020-08-03 12:32:00+03;2020-08-03 12:43:00+03;11;Холостой ход;;Ширяева Наталья Викторовна;1.06318
505;2020-08-03 10:55:00+03;2020-08-03 12:32:00+03;97;Работает;;Ширяева Наталья Викторовна;12.386883
505;2020-08-03 10:46:00+03;2020-08-03 10:55:00+03;9;Нет данных;;Ширяева Наталья Викторовна;1.1438199
505;2020-08-03 10:23:00+03;2020-08-03 10:46:00+03;23;Работает;;Ширяева Наталья Викторовна;2.94243
505;2020-08-03 10:22:00+03;2020-08-03 10:23:00+03;1;Работает;;Ширяева Наталья Викторовна;0.12525
505;2020-08-03 10:21:00+03;2020-08-03 10:22:00+03;1;Работает;;Рыбакова Галина Евгеньевна;0.11388
505;2020-08-03 10:11:00+03;2020-08-03 10:21:00+03;10;Холостой ход;;Рыбакова Галина Евгеньевна;0.98211
505;2020-08-03 08:00:00+03;2020-08-03 10:11:00+03;131;Работает;;Рыбакова Галина Евгеньевна;15.834131
505;2020-08-03 00:00:00+03;2020-08-03 08:00:00+03;480;Работает;;Рыбакова Галина Евгеньевна;61.217056
505;2020-08-02 20:24:00+03;2020-08-03 00:00:00+03;216;Работает;;Рыбакова Галина Евгеньевна;27.502613
505;2020-08-02 20:13:00+03;2020-08-02 20:24:00+03;11;Нет данных;;Рыбакова Галина Евгеньевна;
505;2020-08-02 20:03:00+03;2020-08-02 20:13:00+03;10;Работает;;Рыбакова Галина Евгеньевна;1.30338
505;2020-08-02 20:00:00+03;2020-08-02 20:03:00+03;3;Холостой ход;;Рыбакова Галина Евгеньевна;0.31307
505;2020-08-02 19:53:00+03;2020-08-02 20:00:00+03;7;Холостой ход;;Рыбакова Галина Евгеньевна;0.79075
505;2020-08-02 19:49:00+03;2020-08-02 19:53:00+03;4;Работает;;Рыбакова Галина Евгеньевна;0.53353
505;2020-08-02 19:48:00+03;2020-08-02 19:49:00+03;1;Работает;;Рыбакова Галина Евгеньевна;0.12613
505;2020-08-02 08:15:00+03;2020-08-02 19:48:00+03;693;Работает;;Степанова Светлана Сергеевна;85.196396
505;2020-08-02 08:14:00+03;2020-08-02 08:15:00+03;1;Работает;;Степанова Светлана Сергеевна;0.12464
505;2020-08-02 08:00:00+03;2020-08-02 08:14:00+03;14;Работает;;Егорова Екатерина Сергеевна;1.7179499
505;2020-08-02 07:28:00+03;2020-08-02 08:00:00+03;32;Работает;;Егорова Екатерина Сергеевна;4.11462
505;2020-08-02 07:15:00+03;2020-08-02 07:28:00+03;13;Холостой ход;;Егорова Екатерина Сергеевна;1.28862
505;2020-08-02 03:38:00+03;2020-08-02 07:15:00+03;217;Работает;;Егорова Екатерина Сергеевна;25.958263
505;2020-08-02 03:24:00+03;2020-08-02 03:38:00+03;14;Отключено;;Егорова Екатерина Сергеевна;0.09874
505;2020-08-02 03:07:00+03;2020-08-02 03:24:00+03;17;Холостой ход;;Егорова Екатерина Сергеевна;1.6239302
505;2020-08-02 03:04:00+03;2020-08-02 03:07:00+03;3;Работает;;Егорова Екатерина Сергеевна;0.30405
505;2020-08-02 02:50:00+03;2020-08-02 03:04:00+03;14;Холостой ход;;Егорова Екатерина Сергеевна;1.2926899
505;2020-08-02 01:10:00+03;2020-08-02 02:50:00+03;100;Работает;;Егорова Екатерина Сергеевна;11.285511
505;2020-08-02 01:03:00+03;2020-08-02 01:10:00+03;7;Холостой ход;;Егорова Екатерина Сергеевна;0.64806
505;2020-08-02 00:00:00+03;2020-08-02 01:03:00+03;63;Работает;;Егорова Екатерина Сергеевна;7.4477406
505;2020-08-01 20:00:00+03;2020-08-02 00:00:00+03;240;Работает;;Егорова Екатерина Сергеевна;29.844284
505;2020-08-01 19:49:00+03;2020-08-01 20:00:00+03;11;Работает;;Егорова Екатерина Сергеевна;1.48821
505;2020-08-01 19:48:00+03;2020-08-01 19:49:00+03;1;Работает;;Егорова Екатерина Сергеевна;0.1113
505;2020-08-01 17:53:00+03;2020-08-01 19:48:00+03;115;Работает;;Рыбакова Галина Евгеньевна;14.73307
505;2020-08-01 17:47:00+03;2020-08-01 17:53:00+03;6;Холостой ход;;Рыбакова Галина Евгеньевна;0.62583
505;2020-08-01 12:49:00+03;2020-08-01 17:47:00+03;298;Работает;;Рыбакова Галина Евгеньевна;37.830338
505;2020-08-01 12:33:00+03;2020-08-01 12:49:00+03;16;Холостой ход;;Рыбакова Галина Евгеньевна;1.70713
505;2020-08-01 08:00:00+03;2020-08-01 12:33:00+03;273;Работает;;Рыбакова Галина Евгеньевна;33.184544
505;2020-08-01 07:49:00+03;2020-08-01 08:00:00+03;11;Работает;;Рыбакова Галина Евгеньевна;1.42044
505;2020-08-01 07:48:00+03;2020-08-01 07:49:00+03;1;Работает;;Рыбакова Галина Евгеньевна;0.11325
505;2020-08-01 05:44:00+03;2020-08-01 07:48:00+03;124;Работает;;Ширяева Наталья Викторовна;15.614161
505;2020-08-01 05:34:00+03;2020-08-01 05:44:00+03;10;Холостой ход;;Ширяева Наталья Викторовна;1.01493
505;2020-08-01 05:33:00+03;2020-08-01 05:34:00+03;1;Работает;;Ширяева Наталья Викторовна;0.10308
505;2020-08-01 05:28:00+03;2020-08-01 05:33:00+03;5;Холостой ход;;Ширяева Наталья Викторовна;0.51357996
505;2020-08-01 00:00:00+03;2020-08-01 05:28:00+03;328;Работает;;Ширяева Наталья Викторовна;40.93577
505;2020-07-31 20:00:00+03;2020-08-01 00:00:00+03;240;Работает;;Ширяева Наталья Викторовна;28.866865
505;2020-07-31 19:53:00+03;2020-07-31 20:00:00+03;7;Работает;;Ширяева Наталья Викторовна;0.87272
505;2020-07-31 19:52:00+03;2020-07-31 19:53:00+03;1;Работает;;Ширяева Наталья Викторовна;0.12781
505;2020-07-31 08:00:00+03;2020-07-31 19:52:00+03;712;Работает;;Егорова Екатерина Сергеевна;86.488754
505;2020-07-31 07:52:00+03;2020-07-31 08:00:00+03;8;Работает;;Егорова Екатерина Сергеевна;0.81090003
505;2020-07-31 07:51:00+03;2020-07-31 07:52:00+03;1;Работает;;Егорова Екатерина Сергеевна;0.12703
505;2020-07-31 00:00:00+03;2020-07-31 07:51:00+03;471;Работает;;Степанова Светлана Сергеевна;57.31174
505;2020-07-30 22:50:00+03;2020-07-31 00:00:00+03;70;Работает;;Степанова Светлана Сергеевна;8.709599
505;2020-07-30 22:38:00+03;2020-07-30 22:50:00+03;12;Холостой ход;;Степанова Светлана Сергеевна;1.24027
505;2020-07-30 20:00:00+03;2020-07-30 22:38:00+03;158;Работает;;Степанова Светлана Сергеевна;18.991644
505;2020-07-30 19:50:00+03;2020-07-30 20:00:00+03;10;Работает;;Степанова Светлана Сергеевна;1.2347399
505;2020-07-30 19:49:00+03;2020-07-30 19:50:00+03;1;Работает;;Степанова Светлана Сергеевна;0.11759
505;2020-07-30 19:35:00+03;2020-07-30 19:49:00+03;14;Работает;;Ширяева Наталья Викторовна;1.70236
505;2020-07-30 19:00:00+03;2020-07-30 19:35:00+03;35;Нет данных;;Ширяева Наталья Викторовна;
505;2020-07-30 08:11:00+03;2020-07-30 19:00:00+03;649;Работает;;Ширяева Наталья Викторовна;79.63246
505;2020-07-30 08:10:00+03;2020-07-30 08:11:00+03;1;Работает;;Ширяева Наталья Викторовна;0.11613
505;2020-07-30 08:00:00+03;2020-07-30 08:10:00+03;10;Работает;;Дмитриева Наталья Николаевна;1.20162
505;2020-07-30 01:26:00+03;2020-07-30 08:00:00+03;394;Работает;;Дмитриева Наталья Николаевна;48.588703
505;2020-07-30 01:19:00+03;2020-07-30 01:26:00+03;7;Нет данных;;Дмитриева Наталья Николаевна;
505;2020-07-30 00:00:00+03;2020-07-30 01:19:00+03;79;Работает;;Дмитриева Наталья Николаевна;9.973319
505;2020-07-29 21:42:00+03;2020-07-30 00:00:00+03;138;Работает;;Дмитриева Наталья Николаевна;16.514091
505;2020-07-29 21:17:00+03;2020-07-29 21:42:00+03;25;Холостой ход;;Дмитриева Наталья Николаевна;2.4465802
505;2020-07-29 20:00:00+03;2020-07-29 21:17:00+03;77;Работает;;Дмитриева Наталья Николаевна;9.284502
505;2020-07-29 19:51:00+03;2020-07-29 20:00:00+03;9;Работает;;Дмитриева Наталья Николаевна;1.13223
505;2020-07-29 19:50:00+03;2020-07-29 19:51:00+03;1;Работает;;Дмитриева Наталья Николаевна;0.11437
505;2020-07-29 19:20:00+03;2020-07-29 19:50:00+03;30;Работает;;Егорова Екатерина Сергеевна;3.35093
505;2020-07-29 19:12:00+03;2020-07-29 19:20:00+03;8;Холостой ход;;Егорова Екатерина Сергеевна;0.72727
505;2020-07-29 19:04:00+03;2020-07-29 19:12:00+03;8;Работает;;Егорова Екатерина Сергеевна;0.81096
505;2020-07-29 18:55:00+03;2020-07-29 19:04:00+03;9;Холостой ход;;Егорова Екатерина Сергеевна;0.84704
505;2020-07-29 18:44:00+03;2020-07-29 18:55:00+03;11;Работает;;Егорова Екатерина Сергеевна;1.2866299
505;2020-07-29 18:33:00+03;2020-07-29 18:44:00+03;11;Холостой ход;;Егорова Екатерина Сергеевна;0.98924
505;2020-07-29 10:13:00+03;2020-07-29 18:33:00+03;500;Отключено;;Егорова Екатерина Сергеевна;1.0600306
505;2020-07-29 09:52:00+03;2020-07-29 10:13:00+03;21;Холостой ход;;Егорова Екатерина Сергеевна;2.1744301
505;2020-07-29 08:11:00+03;2020-07-29 09:52:00+03;101;Отключено;Проведение ТО;Егорова Екатерина Сергеевна;0.20016998
505;2020-07-29 08:00:00+03;2020-07-29 08:11:00+03;11;Работает;;Егорова Екатерина Сергеевна;1.2547201
505;2020-07-29 04:39:00+03;2020-07-29 08:00:00+03;201;Работает;;Егорова Екатерина Сергеевна;24.211824
505;2020-07-29 04:34:00+03;2020-07-29 04:39:00+03;5;Холостой ход;;Егорова Екатерина Сергеевна;0.51035
505;2020-07-29 00:00:00+03;2020-07-29 04:34:00+03;274;Работает;;Егорова Екатерина Сергеевна;33.54298
505;2020-07-28 20:00:00+03;2020-07-29 00:00:00+03;240;Работает;;Егорова Екатерина Сергеевна;29.298931
505;2020-07-28 19:52:00+03;2020-07-28 20:00:00+03;8;Работает;;Егорова Екатерина Сергеевна;0.83959
505;2020-07-28 19:51:00+03;2020-07-28 19:52:00+03;1;Работает;;Егорова Екатерина Сергеевна;0.03376
505;2020-07-28 15:16:00+03;2020-07-28 19:51:00+03;275;Работает;;Дмитриева Наталья Николаевна;35.547043
505;2020-07-28 14:58:00+03;2020-07-28 15:16:00+03;18;Отключено;;Дмитриева Наталья Николаевна;0.120560005
505;2020-07-28 14:34:00+03;2020-07-28 14:58:00+03;24;Холостой ход;;Дмитриева Наталья Николаевна;2.08333
505;2020-07-28 12:00:00+03;2020-07-28 14:34:00+03;154;Работает;;Дмитриева Наталья Николаевна;17.69262
505;2020-07-28 11:44:00+03;2020-07-28 12:00:00+03;16;Холостой ход;;Дмитриева Наталья Николаевна;1.65596
505;2020-07-28 10:46:00+03;2020-07-28 11:44:00+03;58;Работает;;Дмитриева Наталья Николаевна;7.87757
505;2020-07-28 10:32:00+03;2020-07-28 10:46:00+03;14;Холостой ход;;Дмитриева Наталья Николаевна;0.56362003
505;2020-07-28 08:23:00+03;2020-07-28 10:32:00+03;129;Работает;;Дмитриева Наталья Николаевна;19.2144
505;2020-07-28 08:22:00+03;2020-07-28 08:23:00+03;1;Работает;;Дмитриева Наталья Николаевна;0.1481
505;2020-07-28 08:00:00+03;2020-07-28 08:22:00+03;22;Работает;;Ширяева Наталья Викторовна;2.82496
505;2020-07-28 04:46:00+03;2020-07-28 08:00:00+03;194;Работает;;Ширяева Наталья Викторовна;23.840681
505;2020-07-28 04:11:00+03;2020-07-28 04:46:00+03;35;Холостой ход;;Ширяева Наталья Викторовна;3.4656198
505;2020-07-28 04:04:00+03;2020-07-28 04:11:00+03;7;Работает;;Ширяева Наталья Викторовна;0.89853996
505;2020-07-28 03:56:00+03;2020-07-28 04:04:00+03;8;Холостой ход;;Ширяева Наталья Викторовна;0.79675996
505;2020-07-28 03:42:00+03;2020-07-28 03:56:00+03;14;Работает;;Ширяева Наталья Викторовна;1.7045301
505;2020-07-28 03:33:00+03;2020-07-28 03:42:00+03;9;Нет данных;;Ширяева Наталья Викторовна;
505;2020-07-28 03:21:00+03;2020-07-28 03:33:00+03;12;Работает;;Ширяева Наталья Викторовна;1.47585
505;2020-07-28 03:13:00+03;2020-07-28 03:21:00+03;8;Холостой ход;;Ширяева Наталья Викторовна;0.78173006
505;2020-07-28 02:41:00+03;2020-07-28 03:13:00+03;32;Работает;;Ширяева Наталья Викторовна;3.83209
505;2020-07-28 02:36:00+03;2020-07-28 02:41:00+03;5;Холостой ход;;Ширяева Наталья Викторовна;0.48711
505;2020-07-28 00:00:00+03;2020-07-28 02:36:00+03;156;Работает;;Ширяева Наталья Викторовна;18.791298
505;2020-07-27 22:03:00+03;2020-07-28 00:00:00+03;117;Работает;;Ширяева Наталья Викторовна;14.251154
505;2020-07-27 21:06:00+03;2020-07-27 22:03:00+03;57;Работает;;;6.9853406
505;2020-07-27 20:54:00+03;2020-07-27 21:06:00+03;12;Холостой ход;;;1.1539999
505;2020-07-27 20:46:00+03;2020-07-27 20:54:00+03;8;Работает;;;0.9502599
505;2020-07-27 20:40:00+03;2020-07-27 20:46:00+03;6;Отключено;;;0.03637
505;2020-07-27 20:21:00+03;2020-07-27 20:40:00+03;19;Холостой ход;;;1.74461
505;2020-07-27 20:00:00+03;2020-07-27 20:21:00+03;21;Работает;;;2.4797401
505;2020-07-27 19:55:00+03;2020-07-27 20:00:00+03;5;Работает;;;0.64188
505;2020-07-27 14:53:00+03;2020-07-27 19:55:00+03;302;Работает;;Егорова Екатерина Сергеевна;35.925747
505;2020-07-27 14:46:00+03;2020-07-27 14:53:00+03;7;Нет данных;;Егорова Екатерина Сергеевна;0.83676004
505;2020-07-27 09:19:00+03;2020-07-27 14:46:00+03;327;Работает;;Егорова Екатерина Сергеевна;40.23762
505;2020-07-27 09:10:00+03;2020-07-27 09:19:00+03;9;Холостой ход;;Егорова Екатерина Сергеевна;0.88957995
505;2020-07-27 08:00:00+03;2020-07-27 09:10:00+03;70;Работает;;Егорова Екатерина Сергеевна;8.615032
505;2020-07-27 07:50:00+03;2020-07-27 08:00:00+03;10;Работает;;Егорова Екатерина Сергеевна;1.2475101
505;2020-07-27 05:32:00+03;2020-07-27 07:50:00+03;138;Работает;;;15.546529
505;2020-07-27 05:30:00+03;2020-07-27 05:32:00+03;2;Холостой ход;;;0.12767
505;2020-07-27 04:58:00+03;2020-07-27 05:30:00+03;32;Отключено;;;0.15939999
505;2020-07-27 04:56:00+03;2020-07-27 04:58:00+03;2;Работает;;;0.15638
505;2020-07-27 01:35:00+03;2020-07-27 04:56:00+03;201;Отключено;;;0.36677006
505;2020-07-27 01:26:00+03;2020-07-27 01:35:00+03;9;Холостой ход;;;0.93187994
505;2020-07-27 01:18:00+03;2020-07-27 01:26:00+03;8;Работает;;;0.9455401
505;2020-07-27 01:00:00+03;2020-07-27 01:18:00+03;18;Холостой ход;;;1.79566
505;2020-07-27 00:00:00+03;2020-07-27 01:00:00+03;60;Работает;;;7.5374293
505;2020-07-26 20:00:00+03;2020-07-27 00:00:00+03;240;Работает;;;29.881233
505;2020-07-26 12:51:00+03;2020-07-26 20:00:00+03;429;Работает;;;52.099323
505;2020-07-26 12:04:00+03;2020-07-26 12:51:00+03;47;Холостой ход;;;4.70047
505;2020-07-26 09:23:00+03;2020-07-26 12:04:00+03;161;Работает;;;18.55833
505;2020-07-26 08:25:00+03;2020-07-26 09:23:00+03;58;Холостой ход;Отсутствие шпона->Отсутствие шпона;;5.644091
505;2020-07-26 08:00:00+03;2020-07-26 08:25:00+03;25;Работает;;;3.1523094
505;2020-07-26 00:03:00+03;2020-07-26 08:00:00+03;477;Работает;;;58.66189
505;2020-07-26 00:00:00+03;2020-07-26 00:03:00+03;3;Работает;;Рыбакова Галина Евгеньевна;0.38998002
505;2020-07-25 23:02:00+03;2020-07-26 00:00:00+03;58;Работает;;Рыбакова Галина Евгеньевна;7.0437784
505;2020-07-25 22:55:00+03;2020-07-25 23:02:00+03;7;Холостой ход;;Рыбакова Галина Евгеньевна;0.65509
505;2020-07-25 22:22:00+03;2020-07-25 22:55:00+03;33;Работает;;Рыбакова Галина Евгеньевна;3.7408705
505;2020-07-25 22:20:00+03;2020-07-25 22:22:00+03;2;Холостой ход;;Рыбакова Галина Евгеньевна;0.12221
505;2020-07-25 20:43:00+03;2020-07-25 22:20:00+03;97;Отключено;;Рыбакова Галина Евгеньевна;0.22295001
505;2020-07-25 20:30:00+03;2020-07-25 20:43:00+03;13;Холостой ход;;Рыбакова Галина Евгеньевна;0.90362
505;2020-07-25 20:19:00+03;2020-07-25 20:30:00+03;11;Работает;;Рыбакова Галина Евгеньевна;1.3594201
505;2020-07-25 20:18:00+03;2020-07-25 20:19:00+03;1;Работает;;Рыбакова Галина Евгеньевна;0.12113
505;2020-07-25 20:00:00+03;2020-07-25 20:18:00+03;18;Работает;;Степанова Светлана Сергеевна;2.2626898
505;2020-07-25 18:43:00+03;2020-07-25 20:00:00+03;77;Работает;;Степанова Светлана Сергеевна;9.324
505;2020-07-25 18:08:00+03;2020-07-25 18:43:00+03;35;Холостой ход;;Степанова Светлана Сергеевна;3.15799
505;2020-07-25 17:37:00+03;2020-07-25 18:08:00+03;31;Работает;;Степанова Светлана Сергеевна;3.55181
505;2020-07-25 17:28:00+03;2020-07-25 17:37:00+03;9;Холостой ход;;Степанова Светлана Сергеевна;0.78936005
505;2020-07-25 16:59:00+03;2020-07-25 17:28:00+03;29;Отключено;;Степанова Светлана Сергеевна;0.05553
505;2020-07-25 16:52:00+03;2020-07-25 16:59:00+03;7;Холостой ход;;Степанова Светлана Сергеевна;0.18344
505;2020-07-25 13:28:00+03;2020-07-25 16:52:00+03;204;Отключено;;Степанова Светлана Сергеевна;0.3559101
505;2020-07-25 13:19:00+03;2020-07-25 13:28:00+03;9;Работает;;Степанова Светлана Сергеевна;0.31508
505;2020-07-25 13:18:00+03;2020-07-25 13:19:00+03;1;Работает;;Степанова Светлана Сергеевна;0.06616
505;2020-07-25 08:00:00+03;2020-07-25 13:18:00+03;318;Работает;;Егорова Екатерина Сергеевна;38.462143
505;2020-07-25 04:06:00+03;2020-07-25 08:00:00+03;234;Работает;;Егорова Екатерина Сергеевна;28.857334
505;2020-07-25 03:59:00+03;2020-07-25 04:06:00+03;7;Холостой ход;;Егорова Екатерина Сергеевна;0.73055
505;2020-07-25 03:03:00+03;2020-07-25 03:59:00+03;56;Работает;;Егорова Екатерина Сергеевна;6.8355603
505;2020-07-25 02:57:00+03;2020-07-25 03:03:00+03;6;Холостой ход;;Егорова Екатерина Сергеевна;0.60635
505;2020-07-25 00:00:00+03;2020-07-25 02:57:00+03;177;Работает;;Егорова Екатерина Сергеевна;21.645235
505;2020-07-24 20:00:00+03;2020-07-25 00:00:00+03;240;Работает;;Егорова Екатерина Сергеевна;29.857574
505;2020-07-24 19:51:00+03;2020-07-24 20:00:00+03;9;Работает;;Егорова Екатерина Сергеевна;1.1867001
505;2020-07-24 19:50:00+03;2020-07-24 19:51:00+03;1;Работает;;Егорова Екатерина Сергеевна;0.12442
505;2020-07-24 13:30:00+03;2020-07-24 19:50:00+03;380;Работает;;Дмитриева Наталья Николаевна;47.767277
505;2020-07-24 13:29:00+03;2020-07-24 13:30:00+03;1;Работает;;Дмитриева Наталья Николаевна;0.11412
505;2020-07-24 08:00:00+03;2020-07-24 13:29:00+03;329;Работает;;Ширяева Наталья Викторовна;40.2347
505;2020-07-24 01:59:00+03;2020-07-24 08:00:00+03;361;Работает;;Ширяева Наталья Викторовна;45.969738
505;2020-07-24 01:45:00+03;2020-07-24 01:59:00+03;14;Холостой ход;;Ширяева Наталья Викторовна;1.4099901
505;2020-07-24 01:15:00+03;2020-07-24 01:45:00+03;30;Работает;;Ширяева Наталья Викторовна;3.67665
505;2020-07-24 01:00:00+03;2020-07-24 01:15:00+03;15;Холостой ход;;Ширяева Наталья Викторовна;1.48098
505;2020-07-24 00:58:00+03;2020-07-24 01:00:00+03;2;Работает;;Ширяева Наталья Викторовна;0.22578
505;2020-07-24 00:11:00+03;2020-07-24 00:58:00+03;47;Холостой ход;;Ширяева Наталья Викторовна;4.89593
505;2020-07-24 00:00:00+03;2020-07-24 00:11:00+03;11;Работает;;Ширяева Наталья Викторовна;1.38156
505;2020-07-23 22:32:00+03;2020-07-24 00:00:00+03;88;Работает;;Ширяева Наталья Викторовна;11.157811
505;2020-07-23 22:23:00+03;2020-07-23 22:32:00+03;9;Холостой ход;;Ширяева Наталья Викторовна;0.90961
505;2020-07-23 20:00:00+03;2020-07-23 22:23:00+03;143;Работает;;Ширяева Наталья Викторовна;17.731503
505;2020-07-23 19:52:00+03;2020-07-23 20:00:00+03;8;Работает;;Ширяева Наталья Викторовна;0.99113
505;2020-07-23 12:48:00+03;2020-07-23 19:52:00+03;424;Работает;;Егорова Екатерина Сергеевна;50.29932
505;2020-07-23 12:37:00+03;2020-07-23 12:48:00+03;11;Холостой ход;;Егорова Екатерина Сергеевна;1.0550799
505;2020-07-23 08:26:00+03;2020-07-23 12:37:00+03;251;Работает;;Егорова Екатерина Сергеевна;29.271305
505;2020-07-23 08:25:00+03;2020-07-23 08:26:00+03;1;Работает;;Егорова Екатерина Сергеевна;0.09707
505;2020-07-23 08:00:00+03;2020-07-23 08:25:00+03;25;Отключено;;Степанова Светлана Сергеевна;0.08303
505;2020-07-23 06:31:00+03;2020-07-23 08:00:00+03;89;Отключено;;Степанова Светлана Сергеевна;0.3078599
505;2020-07-23 05:09:00+03;2020-07-23 06:31:00+03;82;Работает;;Степанова Светлана Сергеевна;10.015959
505;2020-07-23 05:08:00+03;2020-07-23 05:09:00+03;1;Холостой ход;;Степанова Светлана Сергеевна;0.09939
505;2020-07-23 04:18:00+03;2020-07-23 05:08:00+03;50;Работает;;Степанова Светлана Сергеевна;5.78293
505;2020-07-23 03:49:00+03;2020-07-23 04:18:00+03;29;Отключено;;Степанова Светлана Сергеевна;0.21491
505;2020-07-23 00:00:00+03;2020-07-23 03:49:00+03;229;Работает;;Степанова Светлана Сергеевна;27.447552
505;2020-07-22 21:50:00+03;2020-07-23 00:00:00+03;130;Работает;;Степанова Светлана Сергеевна;15.98545
505;2020-07-22 21:41:00+03;2020-07-22 21:50:00+03;9;Холостой ход;;Степанова Светлана Сергеевна;0.87062
505;2020-07-22 20:00:00+03;2020-07-22 21:41:00+03;101;Работает;;Степанова Светлана Сергеевна;12.13477
505;2020-07-22 19:54:00+03;2020-07-22 20:00:00+03;6;Работает;;Степанова Светлана Сергеевна;0.7342
505;2020-07-22 19:11:00+03;2020-07-22 19:54:00+03;43;Работает;;Дмитриева Наталья Николаевна;5.0225496
505;2020-07-22 19:00:00+03;2020-07-22 19:11:00+03;11;Отключено;;Дмитриева Наталья Николаевна;0.08914
505;2020-07-22 18:31:00+03;2020-07-22 19:00:00+03;29;Работает;;Дмитриева Наталья Николаевна;2.6071103
505;2020-07-22 18:21:00+03;2020-07-22 18:31:00+03;10;Холостой ход;;Дмитриева Наталья Николаевна;0.91537994
505;2020-07-22 17:44:00+03;2020-07-22 18:21:00+03;37;Работает;;Дмитриева Наталья Николаевна;3.5834005
505;2020-07-22 17:38:00+03;2020-07-22 17:44:00+03;6;Холостой ход;;Дмитриева Наталья Николаевна;0.5536
505;2020-07-22 17:17:00+03;2020-07-22 17:38:00+03;21;Работает;;Дмитриева Наталья Николаевна;2.29892
505;2020-07-22 16:44:00+03;2020-07-22 17:17:00+03;33;Холостой ход;;Дмитриева Наталья Николаевна;1.24713
505;2020-07-22 08:00:00+03;2020-07-22 16:44:00+03;524;Отключено;;Дмитриева Наталья Николаевна;0.88570994
505;2020-07-22 07:49:00+03;2020-07-22 08:00:00+03;11;Отключено;;Дмитриева Наталья Николаевна;0.06442
505;2020-07-22 00:00:00+03;2020-07-22 07:49:00+03;469;Работает;;Дмитриева Наталья Николаевна;75.18499
505;2020-07-21 22:13:00+03;2020-07-22 00:00:00+03;107;Работает;;Дмитриева Наталья Николаевна;15.145622
505;2020-07-21 21:52:00+03;2020-07-21 22:13:00+03;21;Холостой ход;;Дмитриева Наталья Николаевна;2.0792
505;2020-07-21 20:00:00+03;2020-07-21 21:52:00+03;112;Работает;;Дмитриева Наталья Николаевна;13.370171
505;2020-07-21 19:54:00+03;2020-07-21 20:00:00+03;6;Работает;;Дмитриева Наталья Николаевна;0.75899005
505;2020-07-21 19:53:00+03;2020-07-21 19:54:00+03;1;Работает;;Дмитриева Наталья Николаевна;0.12774
505;2020-07-21 19:52:00+03;2020-07-21 19:53:00+03;1;Работает;;Дмитриева Наталья Николаевна;0.11903
505;2020-07-21 08:00:00+03;2020-07-21 19:52:00+03;712;Работает;;Степанова Светлана Сергеевна;88.12219
505;2020-07-21 07:59:00+03;2020-07-21 08:00:00+03;1;Работает;;Степанова Светлана Сергеевна;0.11534
505;2020-07-21 07:58:00+03;2020-07-21 07:59:00+03;1;Работает;;Степанова Светлана Сергеевна;0.12588
505;2020-07-21 00:00:00+03;2020-07-21 07:58:00+03;478;Работает;;Рыбакова Галина Евгеньевна;58.47315
505;2020-07-20 21:52:00+03;2020-07-21 00:00:00+03;128;Работает;;Рыбакова Галина Евгеньевна;16.287169
505;2020-07-20 21:45:00+03;2020-07-20 21:52:00+03;7;Холостой ход;Остановка сушилки->Разбор залома;Рыбакова Галина Евгеньевна;0.7204499
505;2020-07-20 20:00:00+03;2020-07-20 21:45:00+03;105;Работает;;Рыбакова Галина Евгеньевна;13.034407
505;2020-07-20 08:31:00+03;2020-07-20 20:00:00+03;689;Работает;;Рыбакова Галина Евгеньевна;86.01719
505;2020-07-20 08:25:00+03;2020-07-20 08:31:00+03;6;Отключено;;Рыбакова Галина Евгеньевна;0.087139994
505;2020-07-20 08:00:00+03;2020-07-20 08:25:00+03;25;Работает;;Рыбакова Галина Евгеньевна;3.1264102
505;2020-07-20 07:52:00+03;2020-07-20 08:00:00+03;8;Работает;;Рыбакова Галина Евгеньевна;0.95655
505;2020-07-20 01:12:00+03;2020-07-20 07:52:00+03;400;Работает;;Ширяева Наталья Викторовна;49.962833
505;2020-07-20 01:04:00+03;2020-07-20 01:12:00+03;8;Отключено;;Ширяева Наталья Викторовна;0.05585
505;2020-07-20 00:50:00+03;2020-07-20 01:04:00+03;14;Холостой ход;;Ширяева Наталья Викторовна;1.45952
505;2020-07-20 00:00:00+03;2020-07-20 00:50:00+03;50;Работает;;Ширяева Наталья Викторовна;6.2071795
505;2020-07-19 21:26:00+03;2020-07-20 00:00:00+03;154;Работает;;Ширяева Наталья Викторовна;19.534437
505;2020-07-19 21:15:00+03;2020-07-19 21:26:00+03;11;Холостой ход;;Ширяева Наталья Викторовна;1.08571
505;2020-07-19 20:00:00+03;2020-07-19 21:15:00+03;75;Работает;;Ширяева Наталья Викторовна;9.332992
505;2020-07-19 19:51:00+03;2020-07-19 20:00:00+03;9;Работает;;Ширяева Наталья Викторовна;1.0777401
505;2020-07-19 19:50:00+03;2020-07-19 19:51:00+03;1;Работает;;Ширяева Наталья Викторовна;0.10719
505;2020-07-19 08:00:00+03;2020-07-19 19:50:00+03;710;Работает;;Егорова Екатерина Сергеевна;86.01643
505;2020-07-19 07:53:00+03;2020-07-19 08:00:00+03;7;Работает;;Егорова Екатерина Сергеевна;0.81688005
505;2020-07-19 07:51:00+03;2020-07-19 07:53:00+03;2;Работает;;;0.08407
505;2020-07-19 00:00:00+03;2020-07-19 07:51:00+03;471;Работает;;Данилова Наталья Евгеньевна;59.18409
505;2020-07-18 21:17:00+03;2020-07-19 00:00:00+03;163;Работает;;Данилова Наталья Евгеньевна;20.01413
505;2020-07-18 21:05:00+03;2020-07-18 21:17:00+03;12;Холостой ход;;Данилова Наталья Евгеньевна;1.1926699
505;2020-07-18 20:00:00+03;2020-07-18 21:05:00+03;65;Работает;;Данилова Наталья Евгеньевна;7.8180094
505;2020-07-18 19:49:00+03;2020-07-18 20:00:00+03;11;Работает;;Данилова Наталья Евгеньевна;1.4614701
505;2020-07-18 19:48:00+03;2020-07-18 19:49:00+03;1;Работает;;Данилова Наталья Евгеньевна;0.11701
505;2020-07-18 19:46:00+03;2020-07-18 19:48:00+03;2;Работает;;Степанова Светлана Сергеевна;0.21243
505;2020-07-18 19:45:00+03;2020-07-18 19:46:00+03;1;Работает;;Степанова Светлана Сергеевна;0.10185
505;2020-07-18 18:41:00+03;2020-07-18 19:45:00+03;64;Работает;;Ширяева Наталья Викторовна;7.927661
505;2020-07-18 18:34:00+03;2020-07-18 18:41:00+03;7;Нет данных;;Ширяева Наталья Викторовна;0.8607
505;2020-07-18 16:46:00+03;2020-07-18 18:34:00+03;108;Работает;;Ширяева Наталья Викторовна;12.64966
505;2020-07-18 16:40:00+03;2020-07-18 16:46:00+03;6;Холостой ход;;Ширяева Наталья Викторовна;0.61533
505;2020-07-18 13:00:00+03;2020-07-18 16:40:00+03;220;Работает;;Ширяева Наталья Викторовна;26.720812
505;2020-07-18 12:52:00+03;2020-07-18 13:00:00+03;8;Нет данных;;Ширяева Наталья Викторовна;
505;2020-07-18 10:59:00+03;2020-07-18 12:52:00+03;113;Работает;;Ширяева Наталья Викторовна;14.028089
505;2020-07-18 10:53:00+03;2020-07-18 10:59:00+03;6;Холостой ход;;Ширяева Наталья Викторовна;0.59178
505;2020-07-18 08:00:00+03;2020-07-18 10:53:00+03;173;Работает;;Ширяева Наталья Викторовна;21.257015
505;2020-07-18 07:54:00+03;2020-07-18 08:00:00+03;6;Работает;;Ширяева Наталья Викторовна;0.74248
505;2020-07-18 00:46:00+03;2020-07-18 07:54:00+03;428;Работает;;Дмитриева Наталья Николаевна;52.2466
505;2020-07-18 00:30:00+03;2020-07-18 00:46:00+03;16;Холостой ход;;Дмитриева Наталья Николаевна;1.6979802
505;2020-07-18 00:00:00+03;2020-07-18 00:30:00+03;30;Работает;;Дмитриева Наталья Николаевна;3.9191196
505;2020-07-17 20:00:00+03;2020-07-18 00:00:00+03;240;Работает;;Дмитриева Наталья Николаевна;29.850782
505;2020-07-17 19:50:00+03;2020-07-17 20:00:00+03;10;Работает;;Дмитриева Наталья Николаевна;1.32283
505;2020-07-17 19:49:00+03;2020-07-17 19:50:00+03;1;Работает;;Дмитриева Наталья Николаевна;0.12512
505;2020-07-17 15:59:00+03;2020-07-17 19:49:00+03;230;Работает;;Степанова Светлана Сергеевна;29.550642
505;2020-07-17 15:52:00+03;2020-07-17 15:59:00+03;7;Нет данных;;Степанова Светлана Сергеевна;0.84853
505;2020-07-17 15:02:00+03;2020-07-17 15:52:00+03;50;Работает;;Степанова Светлана Сергеевна;6.2536306
505;2020-07-17 14:54:00+03;2020-07-17 15:02:00+03;8;Холостой ход;;Степанова Светлана Сергеевна;0.79115
505;2020-07-17 08:00:00+03;2020-07-17 14:54:00+03;414;Работает;;Степанова Светлана Сергеевна;51.78329
505;2020-07-17 07:56:00+03;2020-07-17 08:00:00+03;4;Работает;;Степанова Светлана Сергеевна;0.54454005
505;2020-07-17 07:55:00+03;2020-07-17 07:56:00+03;1;Работает;;Степанова Светлана Сергеевна;0.11829
505;2020-07-17 00:00:00+03;2020-07-17 07:55:00+03;475;Работает;;Быстрова Анна Владимировна;59.85836
505;2020-07-16 23:33:00+03;2020-07-17 00:00:00+03;27;Работает;;Быстрова Анна Владимировна;3.4355
505;2020-07-16 23:25:00+03;2020-07-16 23:33:00+03;8;Холостой ход;;Быстрова Анна Владимировна;0.83407
505;2020-07-16 20:01:00+03;2020-07-16 23:25:00+03;204;Работает;;Быстрова Анна Владимировна;25.748056
505;2020-07-16 20:00:00+03;2020-07-16 20:01:00+03;1;Работает;;;0.13607
505;2020-07-16 19:55:00+03;2020-07-16 20:00:00+03;5;Работает;;;0.68386006
505;2020-07-16 16:42:00+03;2020-07-16 19:55:00+03;193;Работает;;Дмитриева Наталья Николаевна;23.633291
505;2020-07-16 16:11:00+03;2020-07-16 16:42:00+03;31;Отключено;;Дмитриева Наталья Николаевна;0.14153999
505;2020-07-16 16:06:00+03;2020-07-16 16:11:00+03;5;Холостой ход;;Дмитриева Наталья Николаевна;0.57358
505;2020-07-16 08:05:00+03;2020-07-16 16:06:00+03;481;Работает;;Дмитриева Наталья Николаевна;60.45465
505;2020-07-16 08:00:00+03;2020-07-16 08:05:00+03;5;Работает;;;0.6642
505;2020-07-16 00:00:00+03;2020-07-16 08:00:00+03;480;Работает;;;58.96716
505;2020-07-15 20:00:00+03;2020-07-16 00:00:00+03;240;Работает;;;29.664291
505;2020-07-15 19:11:00+03;2020-07-15 20:00:00+03;49;Работает;;;6.4380794
505;2020-07-15 19:04:00+03;2020-07-15 19:11:00+03;7;Холостой ход;;;0.69485
505;2020-07-15 18:51:00+03;2020-07-15 19:04:00+03;13;Работает;;;1.52143
505;2020-07-15 18:45:00+03;2020-07-15 18:51:00+03;6;Холостой ход;;;0.60892
505;2020-07-15 18:44:00+03;2020-07-15 18:45:00+03;1;Работает;;;0.11462
505;2020-07-15 18:33:00+03;2020-07-15 18:44:00+03;11;Холостой ход;;;0.72891
505;2020-07-15 18:30:00+03;2020-07-15 18:33:00+03;3;Работает;;;0.34377
505;2020-07-15 18:01:00+03;2020-07-15 18:30:00+03;29;Холостой ход;;;2.5188303
505;2020-07-15 17:57:00+03;2020-07-15 18:01:00+03;4;Работает;;;0.44871
505;2020-07-15 08:55:00+03;2020-07-15 17:57:00+03;542;Холостой ход;;;25.498499
505;2020-07-15 08:00:00+03;2020-07-15 08:55:00+03;55;Отключено;;;0.11496999
505;2020-07-15 07:45:00+03;2020-07-15 08:00:00+03;15;Отключено;;;0.09262001
505;2020-07-15 00:00:00+03;2020-07-15 07:45:00+03;465;Работает;;;57.790165
505;2020-07-14 20:00:00+03;2020-07-15 00:00:00+03;240;Работает;;;29.858852
505;2020-07-14 13:13:00+03;2020-07-14 20:00:00+03;407;Работает;;;50.22398
505;2020-07-14 13:05:00+03;2020-07-14 13:13:00+03;8;Холостой ход;;;0.77586997
505;2020-07-14 08:00:00+03;2020-07-14 13:05:00+03;305;Работает;;;36.992054
505;2020-07-14 00:00:00+03;2020-07-14 08:00:00+03;480;Работает;;;59.417118
505;2020-07-13 22:50:00+03;2020-07-14 00:00:00+03;70;Работает;;;8.19339
505;2020-07-13 22:34:00+03;2020-07-13 22:50:00+03;16;Холостой ход;;;1.61886
505;2020-07-13 21:19:00+03;2020-07-13 22:34:00+03;75;Отключено;;;0.20255001
505;2020-07-13 20:51:00+03;2020-07-13 21:19:00+03;28;Холостой ход;;;3.0931804
505;2020-07-13 20:41:00+03;2020-07-13 20:51:00+03;10;Работает;;;1.19776
505;2020-07-13 20:32:00+03;2020-07-13 20:41:00+03;9;Холостой ход;;;0.92963004
505;2020-07-13 20:00:00+03;2020-07-13 20:32:00+03;32;Работает;;;4.0933003
505;2020-07-13 18:06:00+03;2020-07-13 20:00:00+03;114;Работает;;;14.5203495
505;2020-07-13 17:58:00+03;2020-07-13 18:06:00+03;8;Холостой ход;;;0.79829
505;2020-07-13 17:57:00+03;2020-07-13 17:58:00+03;1;Работает;;;0.10475
505;2020-07-13 17:43:00+03;2020-07-13 17:57:00+03;14;Холостой ход;;;1.42464
505;2020-07-13 10:48:00+03;2020-07-13 17:43:00+03;415;Работает;;;50.563305
505;2020-07-13 10:10:00+03;2020-07-13 10:48:00+03;38;Холостой ход;;;4.1178207
505;2020-07-13 08:31:00+03;2020-07-13 10:10:00+03;99;Отключено;;;0.21156003
505;2020-07-13 08:00:00+03;2020-07-13 08:31:00+03;31;Работает;;;3.8550303
505;2020-07-13 05:27:00+03;2020-07-13 08:00:00+03;153;Работает;;;19.876877
505;2020-07-13 05:19:00+03;2020-07-13 05:27:00+03;8;Холостой ход;;;0.87335
505;2020-07-13 00:00:00+03;2020-07-13 05:19:00+03;319;Работает;;;41.93489
505;2020-07-12 21:06:00+03;2020-07-13 00:00:00+03;174;Работает;;;22.353193
505;2020-07-12 20:18:00+03;2020-07-12 21:06:00+03;48;Холостой ход;;;5.19125
505;2020-07-12 20:00:00+03;2020-07-12 20:18:00+03;18;Работает;;;2.30199
505;2020-07-12 15:03:00+03;2020-07-12 20:00:00+03;297;Работает;;;36.56371
505;2020-07-12 14:36:00+03;2020-07-12 15:03:00+03;27;Холостой ход;;;2.6358004
505;2020-07-12 14:27:00+03;2020-07-12 14:36:00+03;9;Работает;;;1.09201
505;2020-07-12 14:24:00+03;2020-07-12 14:27:00+03;3;Холостой ход;;;0.35163
505;2020-07-12 11:59:00+03;2020-07-12 14:24:00+03;145;Работает;;;17.18636
505;2020-07-12 10:52:00+03;2020-07-12 11:59:00+03;67;Холостой ход;;;7.1055093
505;2020-07-12 09:31:00+03;2020-07-12 10:52:00+03;81;Отключено;;;0.17997998
505;2020-07-12 09:03:00+03;2020-07-12 09:31:00+03;28;Работает;;;3.3527796
505;2020-07-12 08:56:00+03;2020-07-12 09:03:00+03;7;Холостой ход;;;0.73779
505;2020-07-12 08:00:00+03;2020-07-12 08:56:00+03;56;Работает;;;6.8007503
505;2020-07-12 02:38:00+03;2020-07-12 08:00:00+03;322;Работает;;;41.57525
505;2020-07-12 02:15:00+03;2020-07-12 02:38:00+03;23;Холостой ход;;;2.5607097
505;2020-07-12 01:49:00+03;2020-07-12 02:15:00+03;26;Работает;;;3.1498399
505;2020-07-12 01:28:00+03;2020-07-12 01:49:00+03;21;Холостой ход;;;2.4524403
505;2020-07-12 00:00:00+03;2020-07-12 01:28:00+03;88;Работает;;;11.207809
505;2020-07-11 22:47:00+03;2020-07-12 00:00:00+03;73;Работает;;;9.27249
505;2020-07-11 22:26:00+03;2020-07-11 22:47:00+03;21;Холостой ход;;;2.1939998
505;2020-07-11 20:59:00+03;2020-07-11 22:26:00+03;87;Работает;;;10.716868
505;2020-07-11 20:25:00+03;2020-07-11 20:59:00+03;34;Холостой ход;;;3.3222702
505;2020-07-11 20:04:00+03;2020-07-11 20:25:00+03;21;Работает;;;2.6826296
505;2020-07-11 20:00:00+03;2020-07-11 20:04:00+03;4;Холостой ход;;;0.4334
505;2020-07-11 19:53:00+03;2020-07-11 20:00:00+03;7;Холостой ход;;;0.76166993
505;2020-07-11 19:19:00+03;2020-07-11 19:53:00+03;34;Работает;;;4.38202
505;2020-07-11 18:54:00+03;2020-07-11 19:19:00+03;25;Холостой ход;;;2.6946
505;2020-07-11 15:46:00+03;2020-07-11 18:54:00+03;188;Работает;;;23.53486
505;2020-07-11 13:56:00+03;2020-07-11 15:46:00+03;110;Холостой ход;;;12.53401
505;2020-07-11 13:11:00+03;2020-07-11 13:56:00+03;45;Работает;;;5.62832
505;2020-07-11 12:04:00+03;2020-07-11 13:11:00+03;67;Холостой ход;;;7.103131
505;2020-07-11 10:44:00+03;2020-07-11 12:04:00+03;80;Отключено;;;0.42326003
505;2020-07-11 10:02:00+03;2020-07-11 10:44:00+03;42;Холостой ход;;;4.57604
505;2020-07-11 10:00:00+03;2020-07-11 10:02:00+03;2;Работает;;;0.25648
505;2020-07-11 09:52:00+03;2020-07-11 10:00:00+03;8;Холостой ход;;;0.89696
505;2020-07-11 09:51:00+03;2020-07-11 09:52:00+03;1;Работает;;;0.13276
505;2020-07-11 09:33:00+03;2020-07-11 09:51:00+03;18;Холостой ход;;;1.9124999
505;2020-07-11 09:12:00+03;2020-07-11 09:33:00+03;21;Работает;;;2.55337
505;2020-07-11 08:50:00+03;2020-07-11 09:12:00+03;22;Холостой ход;;;2.2639198
505;2020-07-11 08:31:00+03;2020-07-11 08:50:00+03;19;Работает;;;2.3408499
505;2020-07-11 08:17:00+03;2020-07-11 08:31:00+03;14;Холостой ход;;;1.5619899
505;2020-07-11 08:16:00+03;2020-07-11 08:17:00+03;1;Работает;;;0.12828
505;2020-07-11 08:00:00+03;2020-07-11 08:16:00+03;16;Холостой ход;;;1.5918
505;2020-07-11 07:51:00+03;2020-07-11 08:00:00+03;9;Холостой ход;;;0.59905
505;2020-07-11 06:28:00+03;2020-07-11 07:51:00+03;83;Работает;;;10.833511
505;2020-07-11 06:17:00+03;2020-07-11 06:28:00+03;11;Холостой ход;;;1.0819
505;2020-07-11 00:00:00+03;2020-07-11 06:17:00+03;377;Работает;;;47.388588
505;2020-07-10 20:00:00+03;2020-07-11 00:00:00+03;240;Работает;;;29.424467
505;2020-07-10 17:20:00+03;2020-07-10 20:00:00+03;160;Работает;;;20.02625
505;2020-07-10 14:15:00+03;2020-07-10 17:20:00+03;185;Нет данных;;;16.65559
505;2020-07-10 12:40:00+03;2020-07-10 14:15:00+03;95;Холостой ход;;;9.889808
505;2020-07-10 09:58:00+03;2020-07-10 12:40:00+03;162;Работает;;;19.66543
505;2020-07-10 08:52:00+03;2020-07-10 09:58:00+03;66;Нет данных;;;0.49133998
505;2020-07-10 08:00:00+03;2020-07-10 08:52:00+03;52;Работает;;;6.31049
505;2020-07-10 03:32:00+03;2020-07-10 08:00:00+03;268;Работает;;;32.069542
505;2020-07-10 02:37:00+03;2020-07-10 03:32:00+03;55;Холостой ход;;;6.3243093
505;2020-07-10 00:00:00+03;2020-07-10 02:37:00+03;157;Работает;;;19.04845
505;2020-07-09 22:51:00+03;2020-07-10 00:00:00+03;69;Работает;;;8.8634205
505;2020-07-09 22:31:00+03;2020-07-09 22:51:00+03;20;Холостой ход;;;2.1085098
505;2020-07-09 20:00:00+03;2020-07-09 22:31:00+03;151;Работает;;;19.478062
505;2020-07-09 19:16:00+03;2020-07-09 20:00:00+03;44;Работает;;;5.8529997
505;2020-07-09 17:54:00+03;2020-07-09 19:16:00+03;82;Холостой ход;;;8.342718
505;2020-07-09 14:35:00+03;2020-07-09 17:54:00+03;199;Отключено;;;0.40505004
505;2020-07-09 14:04:00+03;2020-07-09 14:35:00+03;31;Холостой ход;;;3.3573
505;2020-07-09 13:26:00+03;2020-07-09 14:04:00+03;38;Работает;;;4.8380394
505;2020-07-09 13:16:00+03;2020-07-09 13:26:00+03;10;Холостой ход;;;1.10851
505;2020-07-09 10:05:00+03;2020-07-09 13:16:00+03;191;Работает;;;24.562517
505;2020-07-09 09:58:00+03;2020-07-09 10:05:00+03;7;Холостой ход;;;0.77621
505;2020-07-09 08:00:00+03;2020-07-09 09:58:00+03;118;Работает;;;15.165278
505;2020-07-09 03:23:00+03;2020-07-09 08:00:00+03;277;Работает;;;35.73783
505;2020-07-09 03:08:00+03;2020-07-09 03:23:00+03;15;Холостой ход;;;1.78188
505;2020-07-09 02:57:00+03;2020-07-09 03:08:00+03;11;Нет данных;;;
505;2020-07-09 02:22:00+03;2020-07-09 02:57:00+03;35;Работает;;;4.4565897
505;2020-07-09 02:09:00+03;2020-07-09 02:22:00+03;13;Нет данных;;;
505;2020-07-09 00:00:00+03;2020-07-09 02:09:00+03;129;Работает;;;16.30987
505;2020-07-08 21:54:00+03;2020-07-09 00:00:00+03;126;Работает;;;16.645222
505;2020-07-08 21:49:00+03;2020-07-08 21:54:00+03;5;Холостой ход;;;0.51931
505;2020-07-08 21:33:00+03;2020-07-08 21:49:00+03;16;Работает;;;2.0051098
505;2020-07-08 21:23:00+03;2020-07-08 21:33:00+03;10;Холостой ход;;;1.09445
505;2020-07-08 20:00:00+03;2020-07-08 21:23:00+03;83;Работает;;;10.420341
505;2020-07-08 18:24:00+03;2020-07-08 20:00:00+03;96;Работает;;;11.837577
505;2020-07-08 17:40:00+03;2020-07-08 18:24:00+03;44;Отключено;;;0.1527
505;2020-07-08 17:37:00+03;2020-07-08 17:40:00+03;3;Холостой ход;;;0.13472
505;2020-07-08 11:42:00+03;2020-07-08 17:37:00+03;355;Отключено;;;0.50949
