endpoint_id;event_time;reason
500;2020-07-23 18:58:00+03;Переоснастка
500;2020-07-24 08:42:00+03;Поломка
500;2020-07-24 18:13:00+03;Поломка
500;2020-07-24 21:17:00+03;Технологические причины->Измерение параметров шпона
500;2020-07-25 03:58:00+03;Отсутствие оператора->Обед
500;2020-07-25 04:45:00+03;Отсутствие шпона->Отсутствие шпона
500;2020-07-25 08:51:00+03;Отсутствие шпона->Отсутствие шпона
500;2020-07-25 11:47:00+03;Отсутствие оператора->Обед
500;2020-07-25 14:39:00+03;Уборка рабочего места
499;2020-07-25 23:14:00+03;Отсутствие оператора->Обед
499;2020-07-26 00:10:00+03;Поломка
499;2020-07-26 00:15:00+03;Поломка
500;2020-07-26 02:48:00+03;Отсутствие шпона->Отсутствие шпона
499;2020-07-26 05:23:00+03;Отсутствие сырья
500;2020-07-26 07:10:00+03;Отсутствие шпона->Отсутствие шпона
500;2020-07-25 21:10:00+03;Отсутствие шпона->Отсутствие шпона
499;2020-07-26 00:02:00+03;Поломка
499;2020-07-26 08:58:00+03;Переоснастка
499;2020-07-26 10:41:00+03;Поломка
499;2020-07-26 11:04:00+03;Технологические причины->Замены и измерения->Замена торцевых
499;2020-07-26 12:11:00+03;Поломка
500;2020-07-26 16:03:00+03;Отсутствие оператора->Обед
499;2020-07-26 21:55:00+03;Отсутствие сырья
500;2020-07-27 00:00:00+03;Отсутствие оператора->Обед
500;2020-07-27 13:32:00+03;Отсутствие шпона->Отсутствие шпона
499;2020-07-27 21:04:00+03;Отсутствие сырья
500;2020-07-27 23:26:00+03;Отсутствие оператора->Обед
500;2020-07-28 05:21:00+03;Отсутствие шпона->Отсутствие шпона
499;2020-07-28 16:28:00+03;Отсутствие оператора->Обед
500;2020-07-28 21:14:00+03;Отсутствие шпона->Отсутствие шпона
500;2020-07-28 22:17:00+03;Отсутствие шпона->Отсутствие шпона
500;2020-07-24 23:27:00+03;Отсутствие оператора->Обед
499;2020-07-26 02:01:00+03;Поломка
499;2020-07-26 04:27:00+03;Технологические причины->Замены и измерения->Замена ножа
499;2020-07-26 05:53:00+03;Отсутствие сырья
499;2020-07-26 07:21:00+03;Отсутствие сырья
500;2020-07-26 08:38:00+03;Отсутствие шпона->Отсутствие шпона
499;2020-07-26 09:25:00+03;Переоснастка
499;2020-07-26 10:03:00+03;Поломка
499;2020-07-26 12:39:00+03;Технологические причины->Замены и измерения->Замена ножа
499;2020-07-26 16:02:00+03;Отсутствие оператора->Обед
500;2020-07-26 17:00:00+03;Отсутствие шпона->Отсутствие шпона
500;2020-07-26 17:26:00+03;Отсутствие шпона->Отсутствие шпона
499;2020-07-26 23:30:00+03;Отсутствие оператора->Обед
499;2020-07-27 00:27:00+03;Отсутствие сырья
499;2020-07-27 04:01:00+03;Отсутствие оператора->Обед
499;2020-07-27 06:46:00+03;Отсутствие сырья
500;2020-07-27 06:59:00+03;Отсутствие шпона->Отсутствие шпона
499;2020-07-27 07:23:00+03;Отсутствие сырья
500;2020-07-27 11:21:00+03;Отсутствие шпона->Отсутствие шпона
499;2020-07-26 11:12:00+03;Поломка
499;2020-07-26 11:23:00+03;Поломка
500;2020-07-26 13:39:00+03;Отсутствие шпона->Отсутствие шпона
500;2020-07-26 19:27:00+03;Уборка рабочего места
500;2020-07-27 08:49:00+03;Технологические причины->Измерение параметров шпона
500;2020-07-27 10:42:00+03;Отсутствие шпона->Отсутствие шпона
500;2020-07-27 14:45:00+03;Отсутствие шпона->Отсутствие шпона
500;2020-07-27 17:46:00+03;Технологические причины->Приготовление клея
500;2020-07-27 18:31:00+03;Переоснастка
499;2020-07-27 23:22:00+03;Отсутствие сырья
499;2020-07-27 23:36:00+03;Отсутствие оператора->Обед
499;2020-07-28 00:05:00+03;Отсутствие сырья
499;2020-07-28 03:22:00+03;Технологические причины->Замены и измерения->Замена ножа
499;2020-07-28 04:05:00+03;Отсутствие оператора->Обед
500;2020-07-28 06:40:00+03;Отсутствие шпона->Отсутствие шпона
500;2020-07-28 07:05:00+03;Отсутствие шпона->Отсутствие шпона
499;2020-07-28 07:39:00+03;Отсутствие сырья
499;2020-07-28 08:50:00+03;Отсутствие сырья
499;2020-07-28 10:29:00+03;Отсутствие сырья
499;2020-07-28 11:14:00+03;Отсутствие оператора->Обед
499;2020-07-28 12:38:00+03;Отсутствие сырья
499;2020-07-28 12:47:00+03;Отсутствие сырья
500;2020-07-28 13:05:00+03;Отсутствие шпона->Отсутствие шпона
499;2020-07-28 13:40:00+03;Отсутствие сырья
499;2020-07-28 14:43:00+03;Отсутствие сырья
500;2020-07-27 15:57:00+03;Отсутствие оператора->Обед
499;2020-07-28 04:49:00+03;Отсутствие сырья
499;2020-07-28 09:25:00+03;Отсутствие сырья
499;2020-07-28 10:57:00+03;Отсутствие сырья
499;2020-07-28 13:26:00+03;Отсутствие сырья
499;2020-07-28 15:21:00+03;Отсутствие сырья
500;2020-08-26 00:14:00+03;Технологические причины->Измерение параметров шпона
500;2020-08-26 06:29:00+03;Технологические причины->Приготовление клея
500;2020-08-26 18:55:00+03;Отсутствие шпона->Отсутствие шпона
499;2020-08-26 21:34:00+03;Технологические причины->Замены и измерения->Замена ножа
500;2020-08-27 03:32:00+03;Отсутствие шпона->Отсутствие шпона
500;2020-08-27 07:10:00+03;Отсутствие шпона->Отсутствие шпона
499;2020-08-27 08:18:00+03;Проведение ТО
500;2020-08-27 12:33:00+03;Переоснастка
500;2020-08-28 01:39:00+03;Отсутствие шпона->Отсутствие шпона
499;2020-08-25 23:31:00+03;Отсутствие оператора->Обед
500;2020-08-26 03:56:00+03;Отсутствие оператора->Обед
499;2020-08-26 04:00:00+03;Отсутствие оператора->Обед
500;2020-08-26 07:07:00+03;Отсутствие шпона->Отсутствие шпона
500;2020-08-26 11:17:00+03;Отсутствие шпона->Отсутствие шпона
499;2020-08-26 15:39:00+03;Поломка
500;2020-08-26 18:10:00+03;Отсутствие шпона->Отсутствие шпона
499;2020-08-26 18:35:00+03;Технологические причины->Замены и измерения->Замена ножа
499;2020-08-26 19:36:00+03;Отсутствие оператора->Другое
500;2020-08-27 04:50:00+03;Отсутствие шпона->Отсутствие шпона
500;2020-08-27 06:26:00+03;Отсутствие шпона->Отсутствие шпона
500;2020-08-27 13:58:00+03;Технологические причины->Приготовление клея
500;2020-08-27 23:49:00+03;Отсутствие шпона->Отсутствие шпона
500;2020-08-28 02:22:00+03;Отсутствие шпона->Отсутствие шпона
499;2020-08-28 05:24:00+03;Отсутствие сырья
500;2020-08-28 11:26:00+03;Отсутствие оператора->Обед
500;2020-08-28 13:51:00+03;Отсутствие шпона->Отсутствие шпона
499;2020-07-28 17:31:00+03;Отсутствие оператора->Другое
500;2020-07-28 19:19:00+03;Отсутствие шпона->Отсутствие шпона
500;2020-07-28 22:42:00+03;Отсутствие шпона->Отсутствие шпона
500;2020-07-28 23:12:00+03;Отсутствие шпона->Отсутствие шпона
500;2020-07-29 02:00:00+03;Отсутствие шпона->Отсутствие шпона
500;2020-07-29 02:29:00+03;Отсутствие шпона->Отсутствие шпона
500;2020-07-29 03:10:00+03;Отсутствие шпона->Отсутствие шпона
500;2020-07-29 03:38:00+03;Отсутствие шпона->Отсутствие шпона
500;2020-07-29 04:54:00+03;Переоснастка
500;2020-07-29 05:53:00+03;Отсутствие шпона->Отсутствие шпона
500;2020-07-29 07:35:00+03;Уборка рабочего места
500;2020-07-29 08:51:00+03;Технологические причины->Приготовление клея
499;2020-07-29 08:56:00+03;Поломка
500;2020-07-29 09:01:00+03;Переоснастка
500;2020-07-29 10:40:00+03;Отсутствие шпона->Отсутствие шпона
500;2020-07-29 10:56:00+03;Отсутствие шпона->Отсутствие шпона
499;2020-07-29 11:09:00+03;Отсутствие сырья
500;2020-08-26 08:22:00+03;Отсутствие шпона->Отсутствие шпона
500;2020-08-26 10:15:00+03;Отсутствие шпона->Отсутствие шпона
500;2020-08-26 15:57:00+03;Отсутствие оператора->Обед
499;2020-08-26 19:18:00+03;Поломка
500;2020-08-26 19:24:00+03;Отсутствие шпона->Отсутствие шпона
499;2020-07-29 12:57:00+03;Отсутствие сырья
499;2020-07-29 13:33:00+03;Отсутствие сырья
499;2020-07-29 16:01:00+03;Отсутствие оператора->Обед
499;2020-07-29 23:44:00+03;Нет задания
500;2020-07-30 00:52:00+03;Отсутствие шпона->Отсутствие шпона
500;2020-07-30 04:59:00+03;Отсутствие шпона->Отсутствие шпона
499;2020-07-30 07:21:00+03;Поломка
499;2020-07-30 08:37:00+03;Проведение ТО
500;2020-07-30 09:07:00+03;Отсутствие шпона->Отсутствие шпона
500;2020-07-30 09:39:00+03;Отсутствие шпона->Отсутствие шпона
500;2020-07-30 09:55:00+03;Отсутствие шпона->Отсутствие шпона
499;2020-07-30 10:32:00+03;Проведение ТО
500;2020-07-30 11:26:00+03;Отсутствие оператора->Обед
499;2020-07-30 12:29:00+03;Проведение ТО
500;2020-07-30 13:24:00+03;Отсутствие шпона->Отсутствие шпона
499;2020-07-30 13:36:00+03;Технологические причины->Замены и измерения->Замена ножа
499;2020-07-30 13:54:00+03;Отсутствие сырья
499;2020-07-30 16:00:00+03;Отсутствие оператора->Обед
499;2020-07-30 17:14:00+03;Отсутствие сырья
499;2020-07-29 14:32:00+03;Отсутствие сырья
499;2020-07-29 15:27:00+03;Отсутствие сырья
499;2020-07-29 11:32:00+03;Отсутствие оператора->Обед
499;2020-07-29 12:20:00+03;Отсутствие сырья
499;2020-07-29 19:18:00+03;Отсутствие сырья
499;2020-07-30 00:17:00+03;Отсутствие сырья
499;2020-07-30 00:39:00+03;Отсутствие сырья
499;2020-07-30 02:20:00+03;Технологические причины->Замены и измерения->Замена ножа
500;2020-07-30 03:12:00+03;Отсутствие шпона->Отсутствие шпона
499;2020-07-30 04:29:00+03;Отсутствие оператора->Обед
499;2020-07-30 14:43:00+03;Отсутствие сырья
499;2020-07-31 03:09:00+03;Отсутствие сырья
500;2020-07-31 08:24:00+03;Отсутствие шпона->Отсутствие шпона
500;2020-07-31 09:08:00+03;Переоснастка
500;2020-07-31 10:53:00+03;Отсутствие шпона->Отсутствие шпона
499;2020-08-01 01:27:00+03;Технологические причины->Замены и измерения->Замена ножа
499;2020-08-01 11:14:00+03;Отсутствие оператора->Обед
500;2020-08-01 14:13:00+03;Отсутствие шпона->Отсутствие шпона
500;2020-08-01 16:49:00+03;Отсутствие шпона->Отсутствие шпона
500;2020-08-01 17:23:00+03;Отсутствие шпона->Отсутствие шпона
499;2020-08-01 17:34:00+03;Технологические причины->Замены и измерения->Замена ножа
500;2020-08-02 03:58:00+03;Отсутствие оператора->Обед
500;2020-08-02 06:06:00+03;Отсутствие шпона->Отсутствие шпона
499;2020-08-02 08:12:00+03;Отсутствие сырья
500;2020-08-02 08:29:00+03;Отсутствие шпона->Отсутствие шпона
500;2020-08-02 15:21:00+03;Отсутствие шпона->Отсутствие шпона
500;2020-08-02 15:56:00+03;Отсутствие шпона->Отсутствие шпона
500;2020-07-30 08:45:00+03;Отсутствие шпона->Отсутствие шпона
500;2020-07-30 17:59:00+03;Технологические причины->Приготовление клея
499;2020-07-30 18:24:00+03;Отсутствие сырья
500;2020-07-30 19:34:00+03;Уборка рабочего места
500;2020-07-31 03:17:00+03;Отсутствие шпона->Отсутствие шпона
500;2020-07-31 11:29:00+03;Отсутствие оператора->Обед
500;2020-07-31 18:29:00+03;Отсутствие шпона->Отсутствие шпона
500;2020-07-31 19:16:00+03;Отсутствие шпона->Отсутствие шпона
499;2020-07-31 23:31:00+03;Отсутствие оператора->Обед
499;2020-08-01 05:51:00+03;Технологические причины->Замены и измерения->Замена ножа
499;2020-08-01 07:41:00+03;Отсутствие сырья
500;2020-08-01 09:51:00+03;Поломка
499;2020-08-01 12:57:00+03;Технологические причины->Замены и измерения->Замена ножа
500;2020-08-01 13:26:00+03;Отсутствие шпона->Отсутствие шпона
500;2020-08-01 15:07:00+03;Отсутствие шпона->Отсутствие шпона
500;2020-08-01 17:51:00+03;Отсутствие шпона->Отсутствие шпона
500;2020-08-01 20:21:00+03;Отсутствие шпона->Отсутствие шпона
500;2020-08-01 23:28:00+03;Отсутствие оператора->Обед
500;2020-07-31 03:38:00+03;Отсутствие шпона->Отсутствие шпона
499;2020-07-31 04:01:00+03;Отсутствие оператора->Обед
499;2020-07-31 06:42:00+03;Отсутствие сырья
500;2020-07-31 07:01:00+03;Отсутствие шпона->Отсутствие шпона
500;2020-07-31 16:46:00+03;Отсутствие шпона->Отсутствие шпона
500;2020-07-31 17:49:00+03;Отсутствие шпона->Отсутствие шпона
499;2020-08-01 13:34:00+03;Отсутствие сырья
500;2020-08-01 15:45:00+03;Отсутствие шпона->Отсутствие шпона
499;2020-08-01 18:56:00+03;Технологические причины->Замены и измерения->Замена ножа
500;2020-08-02 01:28:00+03;Переоснастка
500;2020-08-02 07:08:00+03;Отсутствие шпона->Отсутствие шпона
499;2020-08-02 16:00:00+03;Отсутствие оператора->Обед
500;2020-08-02 23:32:00+03;Отсутствие оператора->Обед
500;2020-08-03 00:09:00+03;Отсутствие шпона->Отсутствие шпона
499;2020-08-03 03:57:00+03;Отсутствие оператора->Обед
500;2020-08-27 09:05:00+03;Отсутствие шпона->Отсутствие шпона
499;2020-08-27 21:03:00+03;Отсутствие сырья
500;2020-08-28 10:21:00+03;Отсутствие шпона->Отсутствие шпона
499;2020-08-28 11:31:00+03;Отсутствие оператора->Обед
499;2020-07-30 23:30:00+03;Отсутствие оператора->Обед
500;2020-07-30 23:51:00+03;Технологические причины->Приготовление клея
500;2020-07-31 03:55:00+03;Технологические причины->Приготовление клея
500;2020-07-31 08:50:00+03;Технологические причины->Измерение параметров шпона
500;2020-07-31 15:57:00+03;Отсутствие оператора->Обед
499;2020-07-31 22:17:00+03;Технологические причины->Замены и измерения->Замена ножа
500;2020-07-31 23:25:00+03;Отсутствие оператора->Обед
500;2020-08-01 00:18:00+03;Отсутствие шпона->Отсутствие шпона
499;2020-08-01 04:00:00+03;Отсутствие оператора->Обед
500;2020-08-01 07:36:00+03;Уборка рабочего места
500;2020-08-01 13:48:00+03;Отсутствие шпона->Отсутствие шпона
499;2020-08-01 16:27:00+03;Отсутствие оператора->Обед
499;2020-08-01 18:27:00+03;Технологические причины->Замены и измерения->Замена ножа
500;2020-08-02 01:14:00+03;Отсутствие шпона->Отсутствие шпона
499;2020-08-02 10:13:00+03;Переоснастка
499;2020-08-02 11:31:00+03;Отсутствие оператора->Обед
500;2020-08-02 16:48:00+03;Отсутствие шпона->Отсутствие шпона
500;2020-08-02 17:49:00+03;Отсутствие шпона->Отсутствие шпона
500;2020-08-02 18:27:00+03;Отсутствие шпона->Отсутствие шпона
499;2020-08-02 19:34:00+03;Отсутствие сырья
500;2020-08-02 20:34:00+03;Отсутствие шпона->Отсутствие шпона
499;2020-08-03 05:59:00+03;Технологические причины->Замены и измерения->Замена ножа
500;2020-08-03 11:44:00+03;Отсутствие оператора->Обед
500;2020-08-28 06:16:00+03;Отсутствие шпона->Отсутствие шпона
499;2020-08-28 10:07:00+03;Отсутствие сырья
500;2020-08-28 10:48:00+03;Отсутствие шпона->Отсутствие шпона
500;2020-08-28 12:16:00+03;Отсутствие шпона->Отсутствие шпона
500;2020-08-28 12:55:00+03;Отсутствие шпона->Отсутствие шпона
500;2020-08-28 15:48:00+03;Отсутствие шпона->Отсутствие шпона
500;2020-08-28 17:35:00+03;Отсутствие шпона->Отсутствие шпона
500;2020-08-30 23:01:00+03;Отсутствие шпона->Отсутствие шпона
500;2020-08-30 23:33:00+03;Отсутствие шпона->Отсутствие шпона
500;2020-08-31 00:36:00+03;Отсутствие шпона->Отсутствие шпона
500;2020-08-31 01:34:00+03;Отсутствие шпона->Отсутствие шпона
500;2020-08-31 02:08:00+03;Отсутствие шпона->Отсутствие шпона
500;2020-08-31 02:24:00+03;Отсутствие шпона->Отсутствие шпона
500;2020-08-31 03:05:00+03;Отсутствие шпона->Отсутствие шпона
500;2020-08-31 03:59:00+03;Отсутствие шпона->Отсутствие шпона
499;2020-08-31 03:58:00+03;Отсутствие оператора->Обед
499;2020-08-31 04:44:00+03;Технологические причины->Замены и измерения->Замер ЦЗУ
500;2020-08-31 05:11:00+03;Отсутствие шпона->Отсутствие шпона
500;2020-08-31 06:40:00+03;Отсутствие шпона->Отсутствие шпона
499;2020-08-02 22:10:00+03;Технологические причины->Замены и измерения->Замена ножа
499;2020-08-02 23:46:00+03;Отсутствие оператора->Обед
500;2020-08-03 00:37:00+03;Отсутствие шпона->Отсутствие шпона
499;2020-08-03 00:45:00+03;Технологические причины->Замены и измерения->Замена ножа
500;2020-08-03 01:51:00+03;Переоснастка
500;2020-08-28 13:19:00+03;Отсутствие шпона->Отсутствие шпона
500;2020-08-31 07:13:00+03;Отсутствие шпона->Отсутствие шпона
500;2020-08-31 21:29:00+03;Отсутствие шпона->Отсутствие шпона
499;2020-08-31 22:49:00+03;Поломка
500;2020-09-01 06:30:00+03;Переоснастка
500;2020-09-01 11:25:00+03;Отсутствие оператора->Обед
500;2020-09-01 15:59:00+03;Отсутствие оператора->Обед
499;2020-08-02 20:11:00+03;Отсутствие сырья
500;2020-08-03 04:19:00+03;Отсутствие оператора->Обед
499;2020-08-03 04:26:00+03;Отсутствие сырья
499;2020-08-03 11:31:00+03;Отсутствие оператора->Обед
500;2020-08-03 14:44:00+03;Отсутствие шпона->Отсутствие шпона
500;2020-08-03 14:25:00+03;Отсутствие шпона->Отсутствие шпона
499;2020-08-03 16:00:00+03;Отсутствие оператора->Обед
500;2020-08-03 16:55:00+03;Отсутствие шпона->Отсутствие шпона
500;2020-08-03 18:53:00+03;Отсутствие шпона->Отсутствие шпона
500;2020-08-03 20:45:00+03;Отсутствие шпона->Отсутствие шпона
500;2020-08-03 21:05:00+03;Отсутствие шпона->Отсутствие шпона
500;2020-08-03 21:57:00+03;Отсутствие шпона->Отсутствие шпона
499;2020-08-03 23:30:00+03;Отсутствие оператора->Обед
500;2020-08-03 23:44:00+03;Отсутствие шпона->Отсутствие шпона
499;2020-08-04 02:13:00+03;Отсутствие сырья
500;2020-08-04 02:23:00+03;Отсутствие шпона->Отсутствие шпона
500;2020-08-04 03:04:00+03;Отсутствие шпона->Отсутствие шпона
500;2020-08-04 03:48:00+03;Отсутствие шпона->Отсутствие шпона
499;2020-08-04 04:00:00+03;Отсутствие оператора->Обед
500;2020-08-04 05:39:00+03;Отсутствие шпона->Отсутствие шпона
500;2020-08-04 07:26:00+03;Отсутствие шпона->Отсутствие шпона
500;2020-08-04 08:48:00+03;Технологические причины->Измерение параметров шпона
500;2020-08-28 15:17:00+03;Отсутствие шпона->Отсутствие шпона
499;2020-08-28 16:00:00+03;Отсутствие оператора->Обед
500;2020-08-28 18:26:00+03;Отсутствие шпона->Отсутствие шпона
499;2020-08-31 19:17:00+03;Отсутствие сырья
500;2020-08-31 22:20:00+03;Отсутствие шпона->Отсутствие шпона
500;2020-09-01 03:38:00+03;Отсутствие шпона->Отсутствие шпона
499;2020-09-01 03:59:00+03;Отсутствие оператора->Обед
500;2020-09-01 09:50:00+03;Технологические причины->Измерение параметров шпона
500;2020-09-01 13:49:00+03;Технологические причины->Приготовление клея
499;2020-09-01 23:32:00+03;Отсутствие оператора->Обед
500;2020-09-02 03:15:00+03;Технологические причины->Приготовление клея
499;2020-09-02 04:02:00+03;Отсутствие оператора->Обед
499;2020-09-02 08:15:00+03;Технологические причины->Замены и измерения->Замер ЦЗУ
500;2020-09-02 10:22:00+03;Отсутствие шпона->Отсутствие шпона
500;2020-09-02 12:18:00+03;Отсутствие шпона->Отсутствие шпона
500;2020-09-02 13:03:00+03;Отсутствие шпона->Отсутствие шпона
500;2020-09-02 14:22:00+03;Отсутствие шпона->Отсутствие шпона
500;2020-08-28 17:22:00+03;Отсутствие шпона->Отсутствие шпона
499;2020-08-31 11:31:00+03;Отсутствие оператора->Обед
500;2020-08-31 17:37:00+03;Отсутствие оператора->Другое
500;2020-08-31 18:28:00+03;Поломка
500;2020-08-31 20:39:00+03;Отсутствие шпона->Отсутствие шпона
499;2020-08-31 21:30:00+03;Отсутствие сырья
499;2020-08-31 23:31:00+03;Отсутствие оператора->Обед
500;2020-08-31 23:32:00+03;Отсутствие шпона->Отсутствие шпона
499;2020-09-01 00:49:00+03;Переоснастка
500;2020-09-01 01:05:00+03;Отсутствие шпона->Отсутствие шпона
500;2020-09-01 05:24:00+03;Отсутствие шпона->Отсутствие шпона
500;2020-09-01 06:45:00+03;Отсутствие шпона->Отсутствие шпона
500;2020-09-01 07:04:00+03;Отсутствие шпона->Отсутствие шпона
499;2020-09-02 02:51:00+03;Отсутствие сырья
500;2020-09-02 03:34:00+03;Отсутствие шпона->Отсутствие шпона
500;2020-09-02 05:39:00+03;Отсутствие шпона->Отсутствие шпона
500;2020-09-02 08:30:00+03;Отсутствие шпона->Отсутствие шпона
500;2020-09-02 09:37:00+03;Отсутствие шпона->Отсутствие шпона
500;2020-09-02 11:10:00+03;Отсутствие шпона->Отсутствие шпона
499;2020-09-02 11:14:00+03;Отсутствие оператора->Обед
500;2020-09-02 13:18:00+03;Отсутствие шпона->Отсутствие шпона
500;2020-09-01 10:14:00+03;Отсутствие шпона->Отсутствие шпона
500;2020-09-01 14:50:00+03;Отсутствие шпона->Отсутствие шпона
500;2020-09-01 15:13:00+03;Отсутствие шпона->Отсутствие шпона
500;2020-09-01 16:52:00+03;Отсутствие шпона->Отсутствие шпона
499;2020-09-01 22:25:00+03;Отсутствие оператора->Другое
500;2020-09-02 14:05:00+03;Отсутствие шпона->Отсутствие шпона
499;2020-09-02 14:14:00+03;Технологические причины->Замены и измерения->Замена ножа
500;2020-08-04 23:04:00+03;Технологические причины->Приготовление клея
499;2020-08-04 23:32:00+03;Отсутствие оператора->Обед
499;2020-08-05 04:02:00+03;Отсутствие оператора->Обед
499;2020-08-05 07:50:00+03;Проведение ТО
499;2020-08-05 07:59:00+03;Проведение ТО
499;2020-08-05 07:58:00+03;Проведение ТО
499;2020-08-05 08:11:00+03;Проведение ТО
500;2020-08-05 08:54:00+03;Переоснастка
500;2020-08-05 11:23:00+03;Переоснастка
499;2020-08-05 13:00:00+03;Проведение ТО
499;2020-08-05 12:56:00+03;Проведение ТО
500;2020-08-05 13:25:00+03;Отсутствие шпона->Отсутствие шпона
500;2020-08-05 16:00:00+03;Отсутствие оператора->Обед
500;2020-08-05 17:33:00+03;Переоснастка
499;2020-08-05 17:46:00+03;Отсутствие сырья
500;2020-08-05 22:26:00+03;Переоснастка
500;2020-08-05 23:28:00+03;Отсутствие оператора->Обед
500;2020-08-06 01:13:00+03;Технологические причины->Приготовление клея
500;2020-08-06 02:31:00+03;Переоснастка
500;2020-08-06 02:58:00+03;Переоснастка
500;2020-08-06 03:41:00+03;Переоснастка
500;2020-08-06 04:01:00+03;Отсутствие оператора->Обед
499;2020-08-06 09:01:00+03;Отсутствие сырья
499;2020-08-06 16:01:00+03;Отсутствие оператора->Обед
500;2020-08-06 18:40:00+03;Отсутствие шпона->Отсутствие шпона
499;2020-08-06 23:48:00+03;Отсутствие сырья
500;2020-08-07 03:32:00+03;Отсутствие шпона->Отсутствие шпона
499;2020-08-07 03:58:00+03;Отсутствие оператора->Обед
499;2020-08-07 04:24:00+03;Технологические причины->Замены и измерения->Замена ножа
499;2020-08-07 05:30:00+03;Отсутствие сырья
499;2020-08-07 10:05:00+03;Технологические причины->Замены и измерения->Замена торцевых
499;2020-08-07 11:31:00+03;Отсутствие оператора->Обед
500;2020-08-07 11:29:00+03;Отсутствие оператора->Обед
499;2020-08-07 15:57:00+03;Отсутствие оператора->Обед
500;2020-08-07 16:03:00+03;Отсутствие оператора->Обед
500;2020-08-07 22:08:00+03;Отсутствие шпона->Отсутствие шпона
499;2020-08-07 22:49:00+03;Отсутствие сырья
500;2020-08-07 23:54:00+03;Отсутствие шпона->Отсутствие шпона
500;2020-08-08 07:08:00+03;Отсутствие шпона->Отсутствие шпона
500;2020-08-08 18:36:00+03;Отсутствие шпона->Отсутствие шпона
500;2020-08-08 19:12:00+03;Отсутствие шпона->Отсутствие шпона
500;2020-08-09 07:07:00+03;Отсутствие шпона->Отсутствие шпона
500;2020-08-10 21:08:00+03;Отсутствие шпона->Отсутствие шпона
500;2020-08-10 21:42:00+03;Отсутствие шпона->Отсутствие шпона
500;2020-08-11 02:23:00+03;Отсутствие шпона->Отсутствие шпона
500;2020-08-11 08:57:00+03;Отсутствие шпона->Отсутствие шпона
500;2020-08-06 04:47:00+03;Переоснастка
500;2020-08-06 05:31:00+03;Технологические причины->Приготовление клея
500;2020-08-06 06:12:00+03;Отсутствие шпона->Отсутствие шпона
499;2020-08-06 08:43:00+03;Отсутствие сырья
499;2020-08-06 09:47:00+03;Отсутствие сырья
499;2020-08-06 10:35:00+03;Отсутствие сырья
499;2020-08-06 11:31:00+03;Отсутствие оператора->Обед
500;2020-08-06 11:52:00+03;Технологические причины->Приготовление клея
499;2020-08-06 12:09:00+03;Отсутствие сырья
499;2020-08-06 14:34:00+03;Отсутствие сырья
500;2020-08-06 15:24:00+03;Отсутствие шпона->Отсутствие шпона
500;2020-08-06 15:56:00+03;Отсутствие шпона->Отсутствие шпона
499;2020-08-06 16:45:00+03;Отсутствие сырья
500;2020-08-06 19:03:00+03;Отсутствие шпона->Отсутствие шпона
500;2020-08-06 20:45:00+03;Отсутствие шпона->Отсутствие шпона
499;2020-08-06 21:37:00+03;Отсутствие сырья
500;2020-08-06 22:36:00+03;Отсутствие шпона->Отсутствие шпона
500;2020-08-06 23:32:00+03;Отсутствие оператора->Обед
499;2020-08-06 23:15:00+03;Отсутствие оператора->Обед
499;2020-08-06 23:43:00+03;Отсутствие сырья
499;2020-08-07 00:04:00+03;Отсутствие сырья
500;2020-08-07 00:41:00+03;Переоснастка
499;2020-08-07 02:31:00+03;Отсутствие оператора->Другое
500;2020-08-07 03:18:00+03;Отсутствие шпона->Отсутствие шпона
500;2020-08-07 05:06:00+03;Отсутствие шпона->Отсутствие шпона
500;2020-08-07 06:52:00+03;Отсутствие шпона->Отсутствие шпона
500;2020-08-07 22:46:00+03;Отсутствие шпона->Отсутствие шпона
500;2020-08-07 23:18:00+03;Отсутствие шпона->Отсутствие шпона
499;2020-08-07 23:30:00+03;Отсутствие оператора->Обед
500;2020-08-08 03:43:00+03;Отсутствие шпона->Отсутствие шпона
500;2020-08-08 05:48:00+03;Отсутствие шпона->Отсутствие шпона
500;2020-08-08 06:47:00+03;Отсутствие шпона->Отсутствие шпона
500;2020-08-08 17:51:00+03;Отсутствие шпона->Отсутствие шпона
500;2020-08-11 09:30:00+03;Отсутствие шпона->Отсутствие шпона
500;2020-08-11 10:28:00+03;Отсутствие шпона->Отсутствие шпона
500;2020-08-07 07:11:00+03;Отсутствие шпона->Отсутствие шпона
500;2020-08-07 07:32:00+03;Отсутствие шпона->Отсутствие шпона
499;2020-08-07 12:18:00+03;Отсутствие сырья
499;2020-08-07 13:26:00+03;Отсутствие сырья
500;2020-08-07 14:33:00+03;Отсутствие шпона->Отсутствие шпона
499;2020-08-07 14:47:00+03;Отсутствие сырья
499;2020-08-07 16:34:00+03;Поломка
500;2020-08-07 19:23:00+03;Уборка рабочего места
500;2020-08-07 22:28:00+03;Отсутствие шпона->Отсутствие шпона
499;2020-08-08 00:07:00+03;Переоснастка
499;2020-08-08 00:22:00+03;Поломка
500;2020-08-08 00:49:00+03;Отсутствие шпона->Отсутствие шпона
500;2020-08-08 01:46:00+03;Отсутствие шпона->Отсутствие шпона
500;2020-08-08 02:06:00+03;Отсутствие шпона->Отсутствие шпона
500;2020-08-08 02:24:00+03;Отсутствие шпона->Отсутствие шпона
500;2020-08-08 04:37:00+03;Отсутствие шпона->Отсутствие шпона
500;2020-08-08 07:24:00+03;Отсутствие шпона->Отсутствие шпона
500;2020-08-08 09:28:00+03;Технологические причины->Измерение параметров шпона
500;2020-08-08 09:46:00+03;Отсутствие шпона->Отсутствие шпона
500;2020-08-08 11:24:00+03;Отсутствие оператора->Обед
500;2020-08-08 14:09:00+03;Отсутствие шпона->Отсутствие шпона
500;2020-08-08 14:49:00+03;Отсутствие шпона->Отсутствие шпона
500;2020-08-11 00:48:00+03;Отсутствие шпона->Отсутствие шпона
500;2020-08-12 01:03:00+03;Отсутствие шпона->Отсутствие шпона
500;2020-08-12 06:14:00+03;Отсутствие шпона->Отсутствие шпона
500;2020-08-13 01:45:00+03;Отсутствие шпона->Отсутствие шпона
500;2020-08-13 05:53:00+03;Отсутствие шпона->Отсутствие шпона
500;2020-08-13 06:54:00+03;Отсутствие шпона->Отсутствие шпона
499;2020-08-13 13:20:00+03;Отсутствие сырья
500;2020-08-10 23:27:00+03;Отсутствие оператора->Обед
500;2020-08-11 01:43:00+03;Отсутствие шпона->Отсутствие шпона
500;2020-08-11 04:02:00+03;Отсутствие оператора->Обед
500;2020-08-11 08:44:00+03;Отсутствие шпона->Отсутствие шпона
500;2020-08-11 10:04:00+03;Отсутствие шпона->Отсутствие шпона
500;2020-08-11 11:57:00+03;Отсутствие оператора->Обед
500;2020-08-11 12:46:00+03;Отсутствие шпона->Отсутствие шпона
500;2020-08-11 17:09:00+03;Отсутствие шпона->Отсутствие шпона
500;2020-08-11 22:32:00+03;Отсутствие шпона->Отсутствие шпона
500;2020-08-12 07:08:00+03;Отсутствие шпона->Отсутствие шпона
500;2020-08-12 19:13:00+03;Отсутствие шпона->Отсутствие шпона
500;2020-08-13 08:30:00+03;Отсутствие шпона->Отсутствие шпона
499;2020-08-13 14:03:00+03;Технологические причины->Замены и измерения->Замена ножа
500;2020-08-13 15:00:00+03;Отсутствие шпона->Отсутствие шпона
500;2020-08-11 19:22:00+03;Отсутствие шпона->Отсутствие шпона
500;2020-08-11 23:43:00+03;Отсутствие шпона->Отсутствие шпона
500;2020-08-12 11:29:00+03;Отсутствие оператора->Обед
500;2020-08-12 15:58:00+03;Отсутствие оператора->Обед
500;2020-08-13 00:42:00+03;Отсутствие шпона->Отсутствие шпона
500;2020-08-13 02:31:00+03;Отсутствие шпона->Отсутствие шпона
500;2020-08-13 07:30:00+03;Уборка рабочего места
500;2020-08-13 10:18:00+03;Отсутствие шпона->Отсутствие шпона
500;2020-08-13 10:39:00+03;Отсутствие шпона->Отсутствие шпона
500;2020-08-13 10:56:00+03;Отсутствие шпона->Отсутствие шпона
500;2020-08-13 11:59:00+03;Отсутствие оператора->Обед
499;2020-08-13 12:30:00+03;Отсутствие сырья
500;2020-08-13 13:11:00+03;Отсутствие шпона->Отсутствие шпона
500;2020-08-13 14:21:00+03;Отсутствие шпона->Отсутствие шпона
500;2020-08-13 15:42:00+03;Отсутствие шпона->Отсутствие шпона
500;2020-09-02 07:26:00+03;Уборка рабочего места
500;2020-08-13 13:57:00+03;Отсутствие шпона->Отсутствие шпона
499;2020-08-28 21:10:00+03;Отсутствие сырья
500;2020-08-28 21:20:00+03;Отсутствие шпона->Отсутствие шпона
500;2020-08-29 02:02:00+03;Отсутствие шпона->Отсутствие шпона
500;2020-08-29 07:30:00+03;Уборка рабочего места
500;2020-08-29 09:50:00+03;Отсутствие шпона->Отсутствие шпона
500;2020-08-29 10:20:00+03;Отсутствие шпона->Отсутствие шпона
499;2020-08-29 11:46:00+03;Технологические причины->Замены и измерения->Замена ножа
500;2020-08-29 12:46:00+03;Отсутствие шпона->Отсутствие шпона
500;2020-08-29 13:19:00+03;Отсутствие шпона->Отсутствие шпона
500;2020-08-29 14:46:00+03;Отсутствие шпона->Отсутствие шпона
500;2020-08-29 17:15:00+03;Отсутствие шпона->Отсутствие шпона
499;2020-08-29 18:21:00+03;Отсутствие сырья
499;2020-08-13 15:53:00+03;Отсутствие оператора->Обед
500;2020-08-13 16:37:00+03;Отсутствие шпона->Отсутствие шпона
500;2020-08-13 16:59:00+03;Отсутствие шпона->Отсутствие шпона
500;2020-08-13 17:28:00+03;Отсутствие шпона->Отсутствие шпона
500;2020-08-13 22:15:00+03;Технологические причины->Измерение параметров шпона
500;2020-08-13 23:28:00+03;Отсутствие оператора->Обед
500;2020-08-14 14:54:00+03;Отсутствие шпона->Отсутствие шпона
500;2020-08-14 18:05:00+03;Отсутствие шпона->Отсутствие шпона
500;2020-08-14 19:13:00+03;Отсутствие шпона->Отсутствие шпона
499;2020-08-14 19:37:00+03;Отсутствие оператора->Другое
500;2020-08-15 01:40:00+03;Отсутствие шпона->Отсутствие шпона
499;2020-08-15 02:24:00+03;Отсутствие сырья
499;2020-08-15 03:58:00+03;Отсутствие оператора->Обед
500;2020-08-15 08:20:00+03;Отсутствие шпона->Отсутствие шпона
499;2020-08-15 10:53:00+03;Технологические причины->Замены и измерения->Замена ножа
499;2020-08-15 11:11:00+03;Технологические причины->Замены и измерения->Замена торцевых
499;2020-08-15 11:31:00+03;Отсутствие оператора->Обед
500;2020-08-16 00:01:00+03;Отсутствие оператора->Обед
500;2020-08-16 11:30:00+03;Отсутствие оператора->Обед
500;2020-08-16 15:58:00+03;Отсутствие оператора->Обед
500;2020-08-16 16:53:00+03;Отсутствие шпона->Отсутствие шпона
500;2020-08-16 18:49:00+03;Отсутствие шпона->Отсутствие шпона
500;2020-08-16 19:12:00+03;Отсутствие шпона->Отсутствие шпона
499;2020-08-17 02:08:00+03;Отсутствие сырья
500;2020-08-17 06:35:00+03;Отсутствие шпона->Отсутствие шпона
500;2020-08-17 07:35:00+03;Уборка рабочего места
500;2020-08-18 03:05:00+03;Отсутствие шпона->Отсутствие шпона
500;2020-08-18 03:36:00+03;Отсутствие шпона->Отсутствие шпона
499;2020-08-18 23:14:00+03;Отсутствие оператора->Обед
500;2020-08-19 19:27:00+03;Уборка рабочего места
500;2020-08-20 03:09:00+03;Отсутствие шпона->Отсутствие шпона
500;2020-08-14 01:36:00+03;Переоснастка
500;2020-08-14 02:17:00+03;Технологические причины->Приготовление клея
500;2020-08-14 03:59:00+03;Отсутствие оператора->Обед
500;2020-08-14 04:46:00+03;Отсутствие шпона->Отсутствие шпона
500;2020-08-14 06:15:00+03;Отсутствие шпона->Отсутствие шпона
499;2020-08-14 08:28:00+03;Технологические причины->Замены и измерения->Замер ЦЗУ
500;2020-08-14 09:00:00+03;Отсутствие шпона->Отсутствие шпона
500;2020-08-14 11:48:00+03;Отсутствие шпона->Отсутствие шпона
499;2020-08-14 12:40:00+03;Отсутствие сырья
500;2020-08-14 13:51:00+03;Отсутствие шпона->Отсутствие шпона
500;2020-08-14 14:26:00+03;Отсутствие шпона->Отсутствие шпона
499;2020-08-14 15:02:00+03;Отсутствие сырья
500;2020-08-14 15:16:00+03;Отсутствие шпона->Отсутствие шпона
500;2020-08-14 18:35:00+03;Отсутствие шпона->Отсутствие шпона
499;2020-08-14 18:45:00+03;Отсутствие сырья
500;2020-08-14 19:32:00+03;Отсутствие шпона->Отсутствие шпона
500;2020-08-15 00:00:00+03;Отсутствие оператора->Обед
500;2020-08-15 04:06:00+03;Отсутствие оператора->Обед
500;2020-08-15 07:39:00+03;Уборка рабочего места
500;2020-08-16 08:19:00+03;Технологические причины->Приготовление клея
500;2020-08-16 09:07:00+03;Переоснастка
500;2020-08-16 10:58:00+03;Отсутствие шпона->Отсутствие шпона
500;2020-08-16 13:50:00+03;Отсутствие шпона->Отсутствие шпона
500;2020-08-16 14:24:00+03;Отсутствие шпона->Отсутствие шпона
499;2020-08-16 23:32:00+03;Отсутствие оператора->Обед
500;2020-08-16 23:52:00+03;Отсутствие оператора->Обед
499;2020-08-17 04:01:00+03;Отсутствие оператора->Обед
500;2020-08-17 10:06:00+03;Отсутствие шпона->Отсутствие шпона
499;2020-08-17 17:59:00+03;Отсутствие сырья
500;2020-08-18 17:32:00+03;Технологические причины->Измерение параметров шпона
499;2020-08-18 17:47:00+03;Отсутствие сырья
500;2020-08-15 00:56:00+03;Отсутствие шпона->Отсутствие шпона
499;2020-08-15 06:19:00+03;Нет задания
499;2020-08-15 09:50:00+03;Технологические причины->Замены и измерения->Замена торцевых
500;2020-08-15 11:15:00+03;Отсутствие шпона->Отсутствие шпона
499;2020-08-15 16:00:00+03;Отсутствие оператора->Обед
500;2020-08-15 19:20:00+03;Уборка рабочего места
500;2020-08-15 21:30:00+03;Поломка
500;2020-08-16 02:54:00+03;Переоснастка
500;2020-08-16 03:57:00+03;Отсутствие оператора->Обед
500;2020-08-16 09:14:00+03;Переоснастка
500;2020-08-16 12:47:00+03;Отсутствие шпона->Отсутствие шпона
500;2020-08-16 16:26:00+03;Переоснастка
500;2020-08-16 18:07:00+03;Отсутствие шпона->Отсутствие шпона
500;2020-08-16 22:00:00+03;Отсутствие шпона->Отсутствие шпона
499;2020-08-17 01:47:00+03;Технологические причины->Замены и измерения->Замена торцевых
499;2020-08-17 04:46:00+03;Технологические причины->Замены и измерения->Замена ножа
499;2020-08-17 04:56:00+03;Отсутствие сырья
500;2020-08-17 05:43:00+03;Технологические причины->Приготовление клея
500;2020-08-17 08:31:00+03;Отсутствие шпона->Отсутствие шпона
500;2020-08-18 18:07:00+03;Отсутствие шпона->Отсутствие шпона
500;2020-08-18 20:29:00+03;Отсутствие шпона->Отсутствие шпона
500;2020-08-19 04:48:00+03;Отсутствие шпона->Отсутствие шпона
500;2020-08-19 17:02:00+03;Отсутствие шпона->Отсутствие шпона
499;2020-08-19 17:31:00+03;Отсутствие сырья
500;2020-08-19 18:51:00+03;Отсутствие шпона->Отсутствие шпона
499;2020-08-19 19:20:00+03;Отсутствие сырья
500;2020-08-20 02:20:00+03;Отсутствие шпона->Отсутствие шпона
500;2020-08-20 08:10:00+03;Отсутствие шпона->Отсутствие шпона
499;2020-08-17 11:52:00+03;Отсутствие оператора->Другое
500;2020-08-18 01:34:00+03;Отсутствие шпона->Отсутствие шпона
500;2020-08-19 03:43:00+03;Отсутствие шпона->Отсутствие шпона
499;2020-08-19 03:57:00+03;Отсутствие оператора->Обед
499;2020-08-19 06:22:00+03;Нет задания
499;2020-08-19 08:24:00+03;Технологические причины->Замены и измерения->Настройка зазоров
499;2020-08-19 08:52:00+03;Технологические причины->Замены и измерения->Замена ножа
500;2020-08-19 13:07:00+03;Технологические причины->Приготовление клея
500;2020-08-19 15:36:00+03;Отсутствие шпона->Отсутствие шпона
500;2020-08-19 15:56:00+03;Отсутствие оператора->Обед
499;2020-08-19 19:33:00+03;Отсутствие сырья
499;2020-08-19 23:29:00+03;Отсутствие оператора->Обед
500;2020-08-19 23:48:00+03;Технологические причины->Приготовление клея
500;2020-08-20 02:48:00+03;Отсутствие шпона->Отсутствие шпона
500;2020-08-20 03:42:00+03;Отсутствие шпона->Отсутствие шпона
499;2020-08-20 04:01:00+03;Отсутствие оператора->Обед
500;2020-08-20 04:41:00+03;Отсутствие шпона->Отсутствие шпона
500;2020-08-20 12:19:00+03;Отсутствие шпона->Отсутствие шпона
500;2020-08-20 09:04:00+03;Отсутствие шпона->Отсутствие шпона
500;2020-08-20 13:53:00+03;Отсутствие шпона->Отсутствие шпона
500;2020-08-20 23:18:00+03;Отсутствие оператора->Обед
499;2020-08-21 07:41:00+03;Отсутствие сырья
500;2020-08-21 14:10:00+03;Отсутствие шпона->Отсутствие шпона
500;2020-08-21 17:53:00+03;Отсутствие шпона->Отсутствие шпона
500;2020-08-22 03:48:00+03;Отсутствие шпона->Отсутствие шпона
499;2020-08-22 04:00:00+03;Отсутствие оператора->Обед
499;2020-08-28 23:33:00+03;Отсутствие оператора->Обед
500;2020-08-29 00:01:00+03;Отсутствие шпона->Отсутствие шпона
500;2020-08-29 02:46:00+03;Отсутствие шпона->Отсутствие шпона
500;2020-08-29 03:36:00+03;Отсутствие шпона->Отсутствие шпона
499;2020-08-29 04:03:00+03;Отсутствие оператора->Обед
500;2020-08-29 05:07:00+03;Отсутствие шпона->Отсутствие шпона
500;2020-08-29 07:03:00+03;Отсутствие шпона->Отсутствие шпона
500;2020-08-29 08:20:00+03;Отсутствие шпона->Отсутствие шпона
499;2020-08-29 08:30:00+03;Отсутствие оператора->Другое
500;2020-08-29 09:25:00+03;Отсутствие шпона->Отсутствие шпона
500;2020-08-29 11:24:00+03;Отсутствие шпона->Отсутствие шпона
500;2020-08-29 14:13:00+03;Отсутствие шпона->Отсутствие шпона
500;2020-08-29 15:25:00+03;Отсутствие шпона->Отсутствие шпона
500;2020-08-29 17:41:00+03;Отсутствие шпона->Отсутствие шпона
499;2020-08-29 18:05:00+03;Отсутствие сырья
500;2020-08-29 18:34:00+03;Отсутствие шпона->Отсутствие шпона
500;2020-08-29 19:12:00+03;Отсутствие шпона->Отсутствие шпона
500;2020-08-20 17:09:00+03;Отсутствие шпона->Отсутствие шпона
499;2020-08-20 21:54:00+03;Отсутствие оператора->Другое
499;2020-08-20 23:20:00+03;Технологические причины->Замены и измерения->Замена торцевых
500;2020-08-21 01:28:00+03;Отсутствие шпона->Отсутствие шпона
499;2020-08-21 05:15:00+03;Технологические причины->Замены и измерения->Замер ЦЗУ
500;2020-08-21 11:00:00+03;Отсутствие шпона->Отсутствие шпона
499;2020-08-21 15:16:00+03;Нет задания
500;2020-08-21 15:29:00+03;Отсутствие шпона->Отсутствие шпона
500;2020-08-21 16:00:00+03;Отсутствие оператора->Обед
500;2020-08-21 19:16:00+03;Отсутствие шпона->Отсутствие шпона
500;2020-08-21 21:26:00+03;Переоснастка
500;2020-08-22 00:12:00+03;Отсутствие шпона->Отсутствие шпона
499;2020-08-29 21:22:00+03;Отсутствие сырья
500;2020-08-29 21:35:00+03;Отсутствие шпона->Отсутствие шпона
500;2020-08-29 22:30:00+03;Отсутствие шпона->Отсутствие шпона
500;2020-08-20 22:38:00+03;Отсутствие шпона->Отсутствие шпона
499;2020-08-20 23:32:00+03;Отсутствие оператора->Обед
500;2020-08-21 01:05:00+03;Отсутствие шпона->Отсутствие шпона
499;2020-08-21 04:47:00+03;Технологические причины->Замены и измерения->Замер ЦЗУ
499;2020-08-21 04:56:00+03;Технологические причины->Замены и измерения->Замер ЦЗУ
499;2020-08-21 05:45:00+03;Технологические причины->Замены и измерения->Замена торцевых
499;2020-08-21 08:16:00+03;Технологические причины->Замены и измерения->Замер ЦЗУ
499;2020-08-21 08:43:00+03;Технологические причины->Замены и измерения->Замена ножа
499;2020-08-21 14:20:00+03;Технологические причины->Замены и измерения->Замена ножа
500;2020-08-21 15:04:00+03;Отсутствие шпона->Отсутствие шпона
499;2020-08-21 17:11:00+03;Отсутствие сырья
499;2020-08-21 23:31:00+03;Отсутствие оператора->Обед
500;2020-08-22 04:54:00+03;Технологические причины->Приготовление клея
500;2020-08-29 22:52:00+03;Отсутствие шпона->Отсутствие шпона
499;2020-08-30 01:20:00+03;Отсутствие сырья
499;2020-08-30 02:31:00+03;Поломка
499;2020-08-30 04:01:00+03;Отсутствие оператора->Обед
500;2020-08-30 04:38:00+03;Отсутствие шпона->Отсутствие шпона
499;2020-08-30 08:54:00+03;Отсутствие сырья
499;2020-07-03 13:35:44+03;Поломка
499;2020-07-03 14:24:16+03;Поломка
499;2020-07-03 14:25:15+03;Поломка
499;2020-07-03 14:33:49+03;Поломка
499;2020-07-03 15:14:10+03;Поломка
499;2020-07-03 15:54:00+03;Поломка
499;2020-07-03 16:06:27+03;Поломка
499;2020-07-03 16:20:58+03;Поломка
499;2020-07-03 16:23:34+03;Поломка
499;2020-07-03 16:36:48+03;Поломка
499;2020-07-03 16:38:28+03;Поломка
499;2020-07-03 17:08:33+03;Поломка
499;2020-07-03 17:18:47+03;Поломка
499;2020-07-03 18:49:30+03;Поломка
499;2020-07-03 19:09:08+03;Поломка
499;2020-07-04 14:35:08+03;Поломка
499;2020-07-04 14:36:56+03;Поломка
499;2020-07-04 14:39:44+03;Поломка
499;2020-07-04 15:21:50+03;Поломка
499;2020-07-04 15:23:22+03;Поломка
499;2020-07-04 15:27:44+03;Поломка
499;2020-07-04 15:29:04+03;Поломка
499;2020-07-04 15:31:18+03;Поломка
499;2020-07-04 19:13:23+03;Поломка
499;2020-07-04 19:37:28+03;Поломка
499;2020-07-04 19:42:29+03;Поломка
499;2020-07-05 13:05:13+03;Поломка
499;2020-07-05 13:09:35+03;Поломка
499;2020-07-05 14:50:35+03;Поломка
499;2020-07-05 15:03:09+03;Поломка
499;2020-07-05 16:16:14+03;Поломка
499;2020-07-05 16:20:04+03;Поломка
499;2020-07-05 17:10:34+03;Поломка
500;2020-07-05 20:23:50+03;Поломка
500;2020-07-05 20:26:59+03;Поломка
499;2020-07-06 11:04:51+03;Поломка
500;2020-07-06 10:44:27+03;Поломка
499;2020-07-06 12:28:57+03;Технологические причины->Замены и измерения->Замена и заточка торцевых ножей 
499;2020-07-06 12:32:58+03;Поломка
499;2020-07-07 09:11:05+03;Технологические причины->Замены и измерения->Замена прижимной линейки
500;2020-08-20 18:58:00+03;Отсутствие шпона->Отсутствие шпона
499;2020-07-03 13:37:25+03;Технологические причины->Замены и измерения->Замена и заточка торцевых ножей 
499;2020-07-03 15:28:31+03;Поломка
499;2020-07-03 15:45:01+03;Переоснастка
499;2020-07-03 15:45:07+03;Поломка
499;2020-07-03 15:46:04+03;Поломка
499;2020-07-03 15:49:18+03;Поломка
499;2020-07-03 15:52:53+03;Поломка
499;2020-07-03 16:06:56+03;Поломка
499;2020-07-03 16:24:33+03;Поломка
499;2020-07-03 16:37:08+03;Поломка
499;2020-07-03 17:19:28+03;Поломка
499;2020-07-04 15:16:31+03;Поломка
499;2020-07-04 15:17:26+03;Поломка
499;2020-07-04 15:25:27+03;Поломка
499;2020-07-04 15:26:10+03;Поломка
499;2020-07-04 15:34:20+03;Поломка
499;2020-07-04 19:29:10+03;Поломка
499;2020-07-04 19:36:08+03;Поломка
499;2020-07-04 19:43:13+03;Поломка
499;2020-07-05 14:55:59+03;Поломка
499;2020-07-05 15:00:06+03;Поломка
499;2020-07-05 16:28:26+03;Поломка
499;2020-07-05 16:33:47+03;Поломка
499;2020-07-05 18:04:49+03;Поломка
499;2020-07-05 18:42:35+03;Поломка
499;2020-07-05 19:02:13+03;Поломка
500;2020-07-05 20:00:30+03;Поломка
500;2020-07-05 20:02:33+03;Поломка
500;2020-07-05 20:07:57+03;Поломка
499;2020-07-06 12:42:53+03;Технологические причины->Замены и измерения->Замена и заточка торцевых ножей 
500;2020-08-21 02:58:00+03;Отсутствие шпона->Отсутствие шпона
499;2020-08-21 04:01:00+03;Отсутствие оператора->Обед
500;2020-08-21 08:55:00+03;Отсутствие шпона->Отсутствие шпона
499;2020-08-21 12:44:00+03;Отсутствие оператора->Другое
499;2020-08-21 15:59:00+03;Отсутствие оператора->Обед
500;2020-08-21 18:22:00+03;Отсутствие шпона->Отсутствие шпона
500;2020-08-21 18:59:00+03;Отсутствие шпона->Отсутствие шпона
499;2020-07-03 15:41:02+03;Поломка
499;2020-07-03 16:01:28+03;Поломка
499;2020-07-03 16:26:48+03;Поломка
499;2020-07-03 17:13:31+03;Поломка
499;2020-07-03 17:20:38+03;Поломка
499;2020-07-03 17:22:17+03;Поломка
499;2020-07-04 15:19:08+03;Поломка
499;2020-07-04 15:33:11+03;Поломка
499;2020-07-04 15:36:55+03;Поломка
499;2020-07-04 19:20:41+03;Поломка
499;2020-07-04 20:38:08+03;Поломка
499;2020-07-04 20:41:10+03;Поломка
499;2020-07-04 20:46:34+03;Поломка
499;2020-07-05 13:12:10+03;Поломка
499;2020-07-05 14:41:24+03;Поломка
499;2020-07-05 17:20:04+03;Поломка
499;2020-07-05 19:09:47+03;Поломка
499;2020-07-05 19:16:25+03;Поломка
500;2020-07-05 20:02:54+03;Поломка
499;2020-07-06 10:44:38+03;Поломка
500;2020-07-06 11:37:44+03;Поломка
499;2020-07-06 12:52:06+03;Поломка
499;2020-07-06 14:35:27+03;Поломка
499;2020-07-06 14:41:11+03;Поломка
499;2020-07-07 09:13:30+03;Поломка
500;2020-08-21 22:44:00+03;Переоснастка
499;2020-08-29 23:30:00+03;Отсутствие оператора->Обед
500;2020-08-30 00:33:00+03;Отсутствие шпона->Отсутствие шпона
500;2020-08-30 01:55:00+03;Отсутствие шпона->Отсутствие шпона
499;2020-08-30 06:38:00+03;Поломка
499;2020-08-30 10:13:00+03;Отсутствие сырья
500;2020-08-30 11:15:00+03;Отсутствие шпона->Отсутствие шпона
499;2020-07-03 14:29:51+03;Поломка
499;2020-07-03 14:53:58+03;Поломка
499;2020-07-03 16:00:05+03;Поломка
499;2020-07-03 16:00:30+03;Поломка
499;2020-07-03 16:02:01+03;Поломка
499;2020-07-03 16:05:24+03;Поломка
499;2020-07-03 16:21:50+03;Поломка
499;2020-07-03 16:32:29+03;Поломка
499;2020-07-03 17:11:41+03;Поломка
499;2020-07-03 18:45:49+03;Поломка
499;2020-07-03 18:48:26+03;Поломка
499;2020-07-04 14:38:27+03;Поломка
499;2020-07-04 14:40:26+03;Поломка
499;2020-07-04 15:32:54+03;Переоснастка
499;2020-07-04 19:00:48+03;Поломка
499;2020-07-04 19:45:47+03;Поломка
499;2020-07-04 19:53:22+03;Поломка
499;2020-07-04 19:54:19+03;Поломка
499;2020-07-04 19:59:29+03;Поломка
499;2020-07-05 13:47:18+03;Поломка
499;2020-07-05 14:46:17+03;Поломка
499;2020-07-05 17:09:31+03;Поломка
499;2020-07-05 18:11:57+03;Поломка
499;2020-07-05 18:16:02+03;Поломка
499;2020-07-05 18:36:58+03;Поломка
499;2020-07-05 19:05:32+03;Поломка
500;2020-07-06 11:42:30+03;Поломка
499;2020-07-06 12:41:52+03;Нет задания
499;2020-07-06 14:35:39+03;Поломка
499;2020-08-22 05:55:00+03;Переоснастка
500;2020-08-22 07:27:00+03;Технологические причины->Приготовление клея
500;2020-08-22 11:52:00+03;Технологические причины->Приготовление клея
500;2020-08-22 13:51:00+03;Отсутствие шпона->Отсутствие шпона
499;2020-08-22 20:42:00+03;Технологические причины->Замены и измерения->Замер ЦЗУ
499;2020-08-22 23:14:00+03;Отсутствие оператора->Обед
499;2020-08-23 00:00:00+03;Отсутствие оператора->Другое
499;2020-08-23 03:58:00+03;Отсутствие оператора->Обед
500;2020-08-23 11:13:00+03;Отсутствие оператора->Обед
499;2020-08-23 11:30:00+03;Отсутствие оператора->Обед
500;2020-08-23 19:26:00+03;Отсутствие шпона->Отсутствие шпона
500;2020-08-23 22:06:00+03;Переоснастка
499;2020-08-23 23:29:00+03;Отсутствие оператора->Обед
499;2020-08-24 03:41:00+03;Отсутствие сырья
499;2020-08-24 04:00:00+03;Отсутствие оператора->Обед
500;2020-08-24 05:50:00+03;Отсутствие шпона->Отсутствие шпона
499;2020-08-24 08:49:00+03;Технологические причины->Проведение проверки->Замер ЦЗУ технолог
500;2020-08-24 14:48:00+03;Технологические причины->Приготовление клея
500;2020-08-24 18:32:00+03;Отсутствие шпона->Отсутствие шпона
500;2020-08-24 23:48:00+03;Отсутствие шпона->Отсутствие шпона
499;2020-08-25 01:48:00+03;Отсутствие сырья
500;2020-08-25 06:34:00+03;Отсутствие шпона->Отсутствие шпона
499;2020-08-25 08:17:00+03;Отсутствие сырья
499;2020-08-25 12:45:00+03;Технологические причины->Замены и измерения->Настройка зазоров
499;2020-08-30 11:29:00+03;Отсутствие оператора->Обед
500;2020-08-22 10:47:00+03;Отсутствие шпона->Отсутствие шпона
499;2020-08-22 11:28:00+03;Отсутствие оператора->Обед
500;2020-08-22 12:43:00+03;Отсутствие шпона->Отсутствие шпона
500;2020-08-22 13:04:00+03;Отсутствие шпона->Отсутствие шпона
500;2020-08-22 15:08:00+03;Отсутствие шпона->Отсутствие шпона
499;2020-08-22 15:59:00+03;Отсутствие оператора->Обед
500;2020-08-22 19:08:00+03;Отсутствие шпона->Отсутствие шпона
500;2020-08-22 23:28:00+03;Отсутствие оператора->Обед
499;2020-08-23 01:05:00+03;Технологические причины->Замены и измерения->Замена ножа
499;2020-08-23 02:51:00+03;Технологические причины->Замены и измерения->Замена ножа
500;2020-08-23 03:58:00+03;Отсутствие оператора->Обед
500;2020-08-23 05:57:00+03;Отсутствие шпона->Отсутствие шпона
500;2020-08-23 06:31:00+03;Отсутствие шпона->Отсутствие шпона
500;2020-08-23 07:08:00+03;Отсутствие шпона->Отсутствие шпона
500;2020-08-23 07:36:00+03;Уборка рабочего места
500;2020-08-23 09:13:00+03;Отсутствие шпона->Отсутствие шпона
500;2020-08-23 09:54:00+03;Отсутствие шпона->Отсутствие шпона
499;2020-08-23 12:12:00+03;Технологические причины->Замены и измерения->Замена ножа
500;2020-08-23 13:25:00+03;Отсутствие шпона->Отсутствие шпона
499;2020-08-23 14:09:00+03;Отсутствие оператора->Другое
500;2020-08-23 14:52:00+03;Отсутствие шпона->Отсутствие шпона
500;2020-08-23 15:49:00+03;Отсутствие оператора->Обед
499;2020-08-23 16:01:00+03;Отсутствие оператора->Обед
499;2020-08-23 16:49:00+03;Отсутствие оператора->Другое
500;2020-08-23 17:59:00+03;Отсутствие шпона->Отсутствие шпона
500;2020-08-23 21:57:00+03;Переоснастка
500;2020-08-23 23:28:00+03;Переоснастка
500;2020-08-24 03:33:00+03;Отсутствие шпона->Отсутствие шпона
500;2020-08-24 09:44:00+03;Технологические причины->Измерение параметров шпона
499;2020-08-24 11:30:00+03;Отсутствие оператора->Обед
500;2020-08-24 11:32:00+03;Отсутствие оператора->Обед
500;2020-08-24 17:46:00+03;Отсутствие шпона->Отсутствие шпона
500;2020-08-25 01:08:00+03;Отсутствие шпона->Отсутствие шпона
500;2020-08-25 01:50:00+03;Отсутствие шпона->Отсутствие шпона
500;2020-08-25 03:55:00+03;Отсутствие оператора->Обед
499;2020-08-25 04:03:00+03;Отсутствие оператора->Обед
499;2020-08-30 12:13:00+03;Технологические причины->Проведение проверки->Замер ЦЗУ технолог
500;2020-08-30 13:16:00+03;Отсутствие шпона->Отсутствие шпона
500;2020-08-30 13:39:00+03;Отсутствие шпона->Отсутствие шпона
500;2020-08-30 14:36:00+03;Отсутствие шпона->Отсутствие шпона
499;2020-08-30 15:05:00+03;Отсутствие сырья
500;2020-08-30 15:25:00+03;Отсутствие шпона->Отсутствие шпона
499;2020-08-30 15:35:00+03;Отсутствие оператора->Другое
500;2020-08-30 15:58:00+03;Отсутствие оператора->Обед
500;2020-08-30 18:48:00+03;Отсутствие шпона->Отсутствие шпона
499;2020-08-30 19:37:00+03;Отсутствие сырья
499;2020-08-30 20:17:00+03;Технологические причины->Замены и измерения->Замер ЦЗУ
500;2020-08-30 22:05:00+03;Отсутствие шпона->Отсутствие шпона
499;2020-01-14 15:34:00+03;test
499;2020-07-14 13:57:42+03;Технологические причины->Замены и измерения->Замена линейки
499;2020-07-14 18:25:17+03;Поломка
499;2020-07-14 20:02:37+03;Поломка
499;2020-07-14 20:06:01+03;Поломка
499;2020-07-14 21:28:55+03;Нет задания
499;2020-07-14 21:34:15+03;Поломка
500;2020-08-23 21:36:00+03;Переоснастка
500;2020-08-23 22:45:00+03;Переоснастка
500;2020-08-23 23:51:00+03;Технологические причины->Приготовление клея
499;2020-08-24 00:00:00+03;Отсутствие сырья
499;2020-08-24 00:22:00+03;Отсутствие сырья
500;2020-07-21 21:53:00+03;Отсутствие шпона->Отсутствие шпона
500;2020-07-22 01:38:00+03;Отсутствие шпона->Отсутствие шпона
500;2020-07-22 06:00:00+03;Отсутствие шпона->Отсутствие шпона
500;2020-07-22 21:08:00+03;Поломка
500;2020-08-24 02:38:00+03;Отсутствие шпона->Отсутствие шпона
499;2020-08-24 05:36:00+03;Отсутствие сырья
500;2020-08-24 07:28:00+03;Отсутствие шпона->Отсутствие шпона
500;2020-08-24 10:49:00+03;Технологические причины->Приготовление клея
499;2020-08-24 16:00:00+03;Отсутствие оператора->Обед
499;2020-08-24 16:58:00+03;Переоснастка
500;2020-08-24 23:02:00+03;Отсутствие оператора->Обед
499;2020-08-25 05:58:00+03;Технологические причины->Замены и измерения->Замена торцевых
500;2020-08-25 08:37:00+03;Отсутствие шпона->Отсутствие шпона
500;2020-08-25 09:19:00+03;Отсутствие шпона->Отсутствие шпона
499;2020-08-25 15:58:00+03;Отсутствие оператора->Обед
500;2020-08-31 05:56:00+03;Отсутствие шпона->Отсутствие шпона
499;2020-08-31 10:09:00+03;Технологические причины->Замены и измерения->Замена ножа
500;2020-07-20 23:21:00+03;Технологические причины->Приготовление клея
500;2020-07-21 07:00:00+03;Технологические причины->Приготовление клея
500;2020-08-24 06:59:00+03;Отсутствие шпона->Отсутствие шпона
499;2020-08-24 08:56:00+03;Поломка
499;2020-08-24 12:06:00+03;Отсутствие сырья
500;2020-08-24 15:51:00+03;Отсутствие шпона->Отсутствие шпона
499;2020-08-24 18:57:00+03;Отсутствие сырья
499;2020-08-24 20:15:00+03;Отсутствие сырья
500;2020-08-24 21:11:00+03;Отсутствие шпона->Отсутствие шпона
500;2020-08-25 03:35:00+03;Отсутствие шпона->Отсутствие шпона
500;2020-08-25 07:38:00+03;Уборка рабочего места
499;2020-08-25 10:47:00+03;Отсутствие сырья
499;2020-08-25 11:14:00+03;Отсутствие оператора->Обед
499;2020-08-25 15:07:00+03;Отсутствие оператора->Другое
500;2020-08-25 21:32:00+03;Отсутствие шпона->Отсутствие шпона
500;2020-07-20 21:44:00+03;Технологические причины->Измерение параметров шпона
500;2020-07-20 22:28:00+03;Отсутствие шпона->Отсутствие шпона
500;2020-07-21 22:25:00+03;Отсутствие шпона->Отсутствие шпона
500;2020-07-23 05:42:00+03;Отсутствие шпона->Отсутствие шпона
500;2020-07-23 08:38:00+03;Технологические причины->Измерение параметров шпона
500;2020-07-23 14:00:00+03;Отсутствие шпона->Отсутствие шпона
500;2020-07-23 14:26:00+03;Отсутствие шпона->Отсутствие шпона
500;2020-07-23 16:47:00+03;Переоснастка
500;2020-07-23 17:14:00+03;Переоснастка
500;2020-07-23 17:28:00+03;Поломка
500;2020-08-25 22:38:00+03;Отсутствие шпона->Отсутствие шпона
500;2020-08-25 23:25:00+03;Отсутствие оператора->Обед
500;2020-08-26 11:52:00+03;Технологические причины->Приготовление клея
499;2020-08-26 12:49:00+03;Переоснастка
499;2020-08-26 16:00:00+03;Отсутствие оператора->Обед
500;2020-08-27 02:29:00+03;Отсутствие шпона->Отсутствие шпона
499;2020-08-27 03:57:00+03;Отсутствие оператора->Обед
500;2020-08-27 05:12:00+03;Отсутствие шпона->Отсутствие шпона
500;2020-08-27 05:32:00+03;Отсутствие шпона->Отсутствие шпона
500;2020-08-27 19:28:00+03;Уборка рабочего места
